creator_id,segment,creator_name,main_platform,profile_url,audience_size,recent_view_signal,content_frequency,game_genres,distinctive_taste,creator_style,desire_signal,watchability,reaction_strength,collaboration_frequency,community_strength,public_business_email,management_company,public_contact_form,x_dm_candidate,instagram_dm_candidate,tiktok_dm_candidate,recommended_contact_channel,contactability,target_audience_note,why_fit,personalization_hook,evidence_urls,evidence_date
FAMILY-01,Parent-led Family,まえちゃんねる（MAECHANNEL）,YouTube,https://www.youtube.com/user/nm0525skywalker/featured,UNKNOWN,UNKNOWN,UNKNOWN,フォートナイト中心／おもちゃゲーム（ベイブレード等）も配信,親子でテレビゲームとおもちゃゲームを横断して実況する構成,親子共演の実況スタイル,UNKNOWN,UNKNOWN,UNKNOWN,UNKNOWN,UNKNOWN,UNKNOWN,UNKNOWN,UNKNOWN,UNKNOWN,UNKNOWN,UNKNOWN,UNKNOWN,親/management宛の公開連絡先は本調査では未確認。追加調査が必要,UNKNOWN — 出演者年齢から推測していない,「親子でフォートナイトのゲーム実況」を軸に、テレビゲームとおもちゃ企画を横断する構成が家族の遊びの延長として読み取れる,UNKNOWN（個別動画タイトルの一次確認に未到達）,https://find-model.jp/insta-lab/youtube-family-influencer/ / https://note.com/gametrainer/n/n206390943d26,2026-08-15
FAMILY-02,Parent-led Family,ロボットゲームズ（robot games／ロボットチャンネル）,YouTube,https://www.youtube.com/channel/UC8uWxXBFKmB20pm_qQKCCPA/featured,UNKNOWN,UNKNOWN,UNKNOWN,フォートナイト／大乱闘スマッシュブラザーズ／ホラーゲーム,UUUM所属で親子動画をメインチャンネル「ロボットチャンネル」とゲーム専用チャンネルの二本立てで運営,親子出演の実況＋UUUM MCN所属,UNKNOWN,UNKNOWN,UNKNOWN,UNKNOWN,UNKNOWN,UNKNOWN,UUUM株式会社（所属確認済み。個別のcontact URLは未確認）,UNKNOWN,UNKNOWN,UNKNOWN,UNKNOWN,UUUM経由での問い合わせ（推定。直通の公開フォームURLは未確認）,所属事務所UUUMは確認できたが本人/management直通の公開business emailやcontact form URLは未確認,UNKNOWN — 出演者年齢から推測していない,親子でジャンル横断のゲーム実況を継続し、メインの家族チャンネルとゲーム専用チャンネルを分離運営している点が企画への投資意欲を示す,UNKNOWN,https://note.com/gametrainer/n/n206390943d26 / https://find-model.jp/insta-lab/youtube-family-influencer/,2026-08-15
FAMILY-03,Parent-led Family,なつめさんちのゲーム実況,YouTube,https://www.youtube.com/channel/UCVXghprWNKnQJ00jgZWlnSw,UNKNOWN,UNKNOWN,UNKNOWN,スマブラ／マリオカート／デトロイト ビカムヒューマン／スパイダーマン／アンダーテール等ジャンル横断,夫婦2名（げん・さや）が運営主体で、イラスト漫画のメインチャンネルとは別にゲーム専用チャンネルを分離運営,夫婦実況。娘の存在が動画内で語られる（子供自身は出演の中心ではない）,UNKNOWN,UNKNOWN,UNKNOWN,UNKNOWN,UNKNOWN,UNKNOWN,UNKNOWN,UNKNOWN,UNKNOWN,UNKNOWN,UNKNOWN,UNKNOWN,公開business email等は本調査では未確認,UNKNOWN — 出演者（夫婦）年齢から推測していない。子供本人は出演の中心ではない,運営主体が夫婦2名で明確、ゲーム専用チャンネルを分離して継続運営しており意思決定が速い可能性,UNKNOWN,https://dic.pixiv.net/a/なつめさんち / https://youtubernext.jp/youtuber/yt_185/,2026-08-15
FAMILY-04,Parent-led Family,パパやるゲームズ,YouTube,https://www.youtube.com/@papayarugames/featured,UNKNOWN,UNKNOWN,UNKNOWN,フォートナイト中心,父親（北野啓太郎氏）がアカウント作成・編集・アップロードを担当し、息子（当時小学3年生）が企画とプレイを担当する明確な親子分業,父親が管理者、息子が出演者という役割分担が本人のブログ記事で明言されている,UNKNOWN,UNKNOWN,UNKNOWN,UNKNOWN,UNKNOWN,UNKNOWN,UNKNOWN,UNKNOWN,UNKNOWN,UNKNOWN,UNKNOWN,UNKNOWN,公開business email等は本調査では未確認。ただし運営者が父親であることは本人ブログで確認済み,UNKNOWN — 出演者年齢から推測していない,運営体制が「保護者が実務、子供が企画とプレイ」という形で明確に文書化されている稀有な事例。親がメイン運営者であることが一次情報（保護者本人のブログ）で確認できる,記事内で「息子がフォートナイトとYouTubeばかりだったので親子でゲーム実況チャンネルを始めた」という運営動機が本人の言葉で語られている,https://papayaru.com/youtube-papayarugames/,2026-08-15
FAMILY-05,Parent-led Family,仲良し親子ch。(なかおやゲーム),YouTube,https://www.youtube.com/channel/UCm0w2YzFy2wLL7VFLHYIlOw,UNKNOWN,UNKNOWN,UNKNOWN,UNKNOWN（親子で楽しめるゲームを扱うとの記載のみ確認、個別タイトル未確認）,チャンネル名・コンセプト自体が「親子でゲームを一緒に楽しむ」ことを明示,親子（母子等）でのゲーム実況,UNKNOWN,UNKNOWN,UNKNOWN,UNKNOWN,UNKNOWN,UNKNOWN,UNKNOWN,UNKNOWN,UNKNOWN,UNKNOWN,UNKNOWN,UNKNOWN,公開business email等は本調査では未確認,UNKNOWN — 出演者年齢から推測していない,チャンネル名自体が「親子でゲームを一緒に楽しむ」ことを明示するコンセプトチャンネルであり、家族のゲームTasteが企画の軸になっている,UNKNOWN,検索結果のスニペット経由でチャンネルURLと概要を確認（一次ページの直接fetchは未達）,2026-08-15
FAMILY-06,Parent-led Family,HIMAWARIちゃんねる,YouTube,https://www.youtube.com/channel/UCJ98lzh2QJGp37QgWPUcwrQ,約400万人（2026年時点・Wikipedia記載）,UNKNOWN,UNKNOWN,ゲーム実況を含む（find-model.jp記載）。中心ジャンルはキッズ＆ファミリー向け玩具・お出かけ企画,母親が2歳の娘（まーちゃん）の動画を始めたのが起点。パパ・ママ・きょうだい（ぴろぴ・ねぇね）を含む6人体制,母親主導で始まり、父親は当初ナレーションのみで後に画面出演という経緯がWikipediaで確認できる,UNKNOWN,UNKNOWN,UNKNOWN,UNKNOWN,UNKNOWN,UNKNOWN,UUUM株式会社（所属確認済み）,UUUM公式サイト内creatorページ（uuum.jp/creator/himawari。Wikipedia記載）,UNKNOWN,UNKNOWN,UNKNOWN,UUUM経由の問い合わせ（creatorページ経由。直接のbusiness emailは未確認）,所属事務所UUUMのcreatorページで連絡導線が公開されている（本人直通ではなく事務所経由）,UNKNOWN — 出演者年齢から推測していない,開始経緯が「母親が主導して子供のコンテンツを始めた」ことが一次情報（Wikipedia）で確認でき、6人の大家族構成でUUUM所属という営業導線も確立している,母親が娘の動画をきっかけに始めたという起点エピソードが具体的に確認できる,https://ja.wikipedia.org/wiki/HIMAWARIちゃんねる / https://find-model.jp/insta-lab/youtube-family-influencer/ / https://find-model.jp/insta-lab/youtube-kids-influencer/,2026-08-15
FAMILY-07,Parent-led Family,れのれらTV／RenoRera TV,YouTube,https://www.youtube.com/channel/UCw3RCydc5_K74047gunkeaw,約30万人台（情報源により約30.7万〜31.8万人の差異あり）,UNKNOWN,UNKNOWN,ゲーム実況を含む（詳細ジャンルは未確認）,3姉妹＋親が登場する家族型チャンネル。アイドル志向のダンス動画が中心コンテンツだがゲーム実況も含む,家族全員出演型。ダンス・企画・お出かけ・ゲームを横断する構成,UNKNOWN,UNKNOWN,UNKNOWN,UNKNOWN,UNKNOWN,UNKNOWN,UNKNOWN,UNKNOWN,UNKNOWN,UNKNOWN,UNKNOWN,UNKNOWN,公開business email等は本調査では未確認,UNKNOWN — 出演者年齢から推測していない,家族全員が出演し、ダンス・企画・ゲームを横断するコンテンツの幅があり、家族のTasteの多面性が読み取りやすい,UNKNOWN,https://find-model.jp/insta-lab/youtube-family-influencer/ / https://find-model.jp/insta-lab/youtube-kids-influencer/,2026-08-15
FAMILY-08,Parent-led Family,カジサック KAJISAC,YouTube,https://www.youtube.com/channel/UC642pLj4GXSj-0Ybdx3ytmA/,約244万人（2026年7月19日時点・Wikipedia記載）,UNKNOWN,UNKNOWN,フォートナイト等。専用サブチャンネル「カジサックのゲーム部屋」を運営（Wikipedia記載、サブチャンネルの個別URLは未確認）,元お笑いコンビ「キングコング」の梶原雄太が父として運営主体。妻（園田未来子）と5人の子供が出演する大家族エンターテインメント,芸人としての企画・構成力を活かしたファミリーエンタメ。ゲーム専用サブチャンネルを分離運営,UNKNOWN,UNKNOWN,UNKNOWN,UNKNOWN,UNKNOWN,UNKNOWN,吉本興業（所属確認済み）,吉本興業公式プロフィールページ（yoshimoto.co.jp）で本人プロフィール公開を確認。個別PR問い合わせフォームURLは未確認,UNKNOWN,UNKNOWN,UNKNOWN,吉本興業（管理会社）経由の問い合わせが有力（直接のフォームURLは未確認）,吉本興業所属が確認できるが、個別の営業問い合わせフォームURLまでは未確認,UNKNOWN — 出演者年齢から推測していない,ゲーム専用のサブチャンネル「カジサックのゲーム部屋」を分離運営しているほど「家族＋ゲーム」コンテンツへの投資意欲が確認でき、既に地上波冠番組を持つレベルの制作・企画力を持つ,「カジサックのゲーム部屋」という専用チャンネル名自体が、家族とゲームを結びつけた企画をすでに実践している証拠,https://ja.wikipedia.org/wiki/カジサック,2026-08-15
FAMILY-09,Parent-led Family,しちみっこチャンネル,YouTube,UNKNOWN（YouTube公式チャンネルURLは本調査では未確認。ブログ上の言及のみ確認）,UNKNOWN,UNKNOWN,UNKNOWN,マインクラフト（年長児による実況・建築系）,4人の子供＋パパ・ママの6人家族。「あれもこれもやってみたい」という姿勢で活動,親子共同制作企画（ガンプラ等）も展開する体験共有型ファミリーチャンネル,UNKNOWN,UNKNOWN,UNKNOWN,UNKNOWN,UNKNOWN,UNKNOWN,UNKNOWN,UNKNOWN,UNKNOWN,UNKNOWN,UNKNOWN,UNKNOWN,公開business email等は本調査では未確認。YouTube公式チャンネルURLも未確認のため追加調査が必要,UNKNOWN — 出演者年齢から推測していない,「こどもとつくるパパのガンプラ」のような親子共同制作企画を展開しており、「家族で何かを一緒に作る過程」自体をコンテンツにする姿勢が確認できる,「こどもとつくるパパのガンプラ」など親子共同制作をコンテンツ化した実績が具体的に確認できる,https://ameblo.jp/yosukeihara/entry-12676035339.html / https://ameblo.jp/yosukeihara/entry-12662286673.html,2026-08-15
FAMILY-10,Parent-led Family,まりちゃんいずちゃんチャンネル普段の様子,YouTube,https://www.youtube.com/@mariizufudan,約65.5万人,UNKNOWN,UNKNOWN,ゲーム実況を含む（詳細ジャンルは未確認）,姉妹＋父親（ファミリー出演）。Vlog・ゲーム実況・教育系コンテンツを横断,日常Vlogの延長としてゲーム実況を扱う構成,UNKNOWN,UNKNOWN,UNKNOWN,UNKNOWN,UNKNOWN,UNKNOWN,UNKNOWN,UNKNOWN,UNKNOWN,UNKNOWN,UNKNOWN,UNKNOWN,公開business email等は本調査では未確認,UNKNOWN — 出演者年齢から推測していない,Vlog・ゲーム実況・教育系の3ジャンルを横断運営しており、単なるゲーム実況特化ではなく家族の日常の延長としてゲームを扱う構成,UNKNOWN,https://find-model.jp/insta-lab/youtube-family-influencer/ / https://find-model.jp/insta-lab/youtube-kids-influencer/,2026-08-15
FAMILY-11,Parent-led Family,たいようゲーム,YouTube,https://www.youtube.com/channel/UCQM5-x4vElXxUSJOIV9L5mA/about,UNKNOWN,UNKNOWN,UNKNOWN,スプラトゥーン／フォートナイト／龍が如く等,出典（note.com記事）は本チャンネルを「子どもだけで配信」と分類。7歳児本人による配信で、親/managementの公開情報は本調査では確認できなかった,7歳児本人による実況（親の運営関与は画面上/概要欄では確認できず）,UNKNOWN,UNKNOWN,UNKNOWN,UNKNOWN,UNKNOWN,UNKNOWN,UNKNOWN,UNKNOWN,UNKNOWN,UNKNOWN,UNKNOWN,UNKNOWN,未成年本人アカウントのみ確認・営業対象なし,UNKNOWN — 出演者年齢から推測していない,UNKNOWN — 営業対象となる保護者/management情報が未確認のため適合性評価の対象外（Universe記録目的のみ）,UNKNOWN,https://note.com/gametrainer/n/n206390943d26,2026-08-15
FAMILY-12,Parent-led Family,45Bros./ブロス,YouTube,https://www.youtube.com/channel/UCCIh7QV0eMldyQ01U1pzC9A/featured,UNKNOWN,UNKNOWN,UNKNOWN,フォートナイト（ほぼ毎日の参加型生配信）／マインクラフト,出典（note.com記事）は本チャンネルを「子どもだけで配信」と分類。9歳（小学3年生）本人による配信で、親/managementの公開情報は本調査では確認できなかった,9歳児本人による実況（親の運営関与は画面上/概要欄では確認できず）,UNKNOWN,UNKNOWN,UNKNOWN,UNKNOWN,UNKNOWN,UNKNOWN,UNKNOWN,UNKNOWN,UNKNOWN,UNKNOWN,UNKNOWN,UNKNOWN,未成年本人アカウントのみ確認・営業対象なし,UNKNOWN — 出演者年齢から推測していない,UNKNOWN — 営業対象となる保護者/management情報が未確認のため適合性評価の対象外（Universe記録目的のみ）,UNKNOWN,https://note.com/gametrainer/n/n206390943d26,2026-08-15
FAMILY-13,Parent-led Family,ほのかのゲーム部屋,YouTube,https://www.youtube.com/channel/UClMwazSiGxBVoPEOxjxytsA/videos,UNKNOWN,UNKNOWN,UNKNOWN,スプラトゥーン中心,出典（note.com記事）は本チャンネルを「子どもだけで配信」と分類。小学6年生女児本人による配信。ゲーミングチーム「忍ismゲーミング」所属との記載があるが、チームの公開contact窓口は本調査では未確認,小学6年生本人による実況。ゲーミングチーム所属,UNKNOWN,UNKNOWN,UNKNOWN,UNKNOWN,UNKNOWN,UNKNOWN,忍ismゲーミング（所属チームとの記載のみ確認。管理法人としての公開contact窓口は未確認）,UNKNOWN,UNKNOWN,UNKNOWN,UNKNOWN,UNKNOWN,未成年本人アカウントのみ確認・営業対象なし（所属チーム経由の可能性はあるが公開contact窓口は未確認）,UNKNOWN — 出演者年齢から推測していない,UNKNOWN — 営業対象となる保護者/management情報が未確認のため適合性評価の対象外（Universe記録目的のみ）,UNKNOWN,https://note.com/gametrainer/n/n206390943d26,2026-08-15
HORROR-01,Micro Gaming,キリン(訛り実況),Twitch(生配信)/YouTube(アーカイブ),https://www.youtube.com/channel/UCZ_AhGfYNG1aCIkeg601zoA,約55000人(YouTube。2023年9月時点でVSTATS調べ58700人との記録あり),UNKNOWN,UNKNOWN,ゲーム実況全般(ホラーゲームを含む),青森県八戸市在住、東北訛りを生かした実況スタイルが特徴,訛りを生かした親しみやすい実況,UNKNOWN,UNKNOWN,UNKNOWN,UNKNOWN,UNKNOWN,UNKNOWN,UNKNOWN,UNKNOWN,UNKNOWN,UNKNOWN,UNKNOWN,UNKNOWN,UNKNOWN,UNKNOWN,ホラーゲームを含む幅広いジャンルを扱う個人配信者としてホラゲー実況者紹介記事に掲載されている,UNKNOWN,https://www.youtube.com/channel/UCZ_AhGfYNG1aCIkeg601zoA;https://allgamelabo.com/quiet-horror-game-streamers/;https://oreboku.com/2126,2026-08-15
HORROR-02,Micro Gaming,KoutetsuSteel(こうてつすてぃーる),YouTube,https://www.youtube.com/@KoutetsuSteel,約109000人(2020年5月時点のデータ。現在値は要最新確認),UNKNOWN,UNKNOWN,サバイバル・アドベンチャー・パズル・RPG・シミュレーション・ホラーゲーム,アメリカ出身、海外インディーゲーム・ホラーゲームを日本語で丁寧に解説・翻訳しながら紹介するバイリンガル実況,落ち着いた聞き取りやすい解説口調,UNKNOWN,UNKNOWN,UNKNOWN,UNKNOWN,UNKNOWN,UNKNOWN,UNKNOWN,UNKNOWN,UNKNOWN,UNKNOWN,UNKNOWN,UNKNOWN,UNKNOWN,UNKNOWN,海外の珍しいインディーホラーゲームを日本語圏にいち早く紹介する翻訳・解説スタイルの実況者として複数のホラーゲーム実況者紹介記事に名を連ねている,UNKNOWN,https://www.youtube.com/@KoutetsuSteel;https://youtubernext.jp/youtuber/yt_1292/;https://allgamelabo.com/quiet-horror-game-streamers/,2026-08-15
HORROR-03,Micro Gaming,ポポリ,YouTube/ニコニコ動画,https://www.youtube.com/channel/UCFhq_i41fnNWs9S_iayIiZA,2019年12月時点で約20000人(最新値は要確認),UNKNOWN,UNKNOWN,ホラーゲーム中心(『13日の金曜日』等),ホラーゲーム特化の実況者としてホラゲー実況者紹介記事に掲載,UNKNOWN,UNKNOWN,UNKNOWN,UNKNOWN,UNKNOWN,UNKNOWN,UNKNOWN,UNKNOWN,UNKNOWN,UNKNOWN,UNKNOWN,UNKNOWN,UNKNOWN,UNKNOWN,UNKNOWN,『13日の金曜日』などホラーゲームを中心に実況しており、ホラー特化型実況者紹介記事(allgamelabo.com)に掲載されている,UNKNOWN,https://x.com/poppopopori;https://allgamelabo.com/quiet-horror-game-streamers/,2026-08-15
HORROR-04,Micro Gaming,Vtuber Akino,YouTube(VTuber),https://www.youtube.com/channel/UC4qIOAKTIm3tfamAqdPtrVg,UNKNOWN,UNKNOWN,平日21時配信(祝日除く)、不定期ゲリラ配信あり,ホラーゲーム専門,"「ホラーゲームを癒し""として届ける」という独自コンセプト。怖いが優しい雰囲気""",お姉さんキャラ。ファンネーム「うさぎさん」、シグネチャー絵文字🐰👻🍑,「ホラーゲームで視聴者に笑いと癒しを届けたい」という趣旨をチャンネルコンセプトとして本人が掲げている,UNKNOWN,UNKNOWN,UNKNOWN,UNKNOWN,UNKNOWN,トコリーナ(VTuber事務所),UNKNOWN,UNKNOWN,UNKNOWN,UNKNOWN,UNKNOWN,UNKNOWN,UNKNOWN,"チャンネル名自体が「ホラーゲーム実況配信」であり、ホラーを癒しに変える""という一貫したコンセプトを本人が明言している点でゲーム選定の軸が明確に読み取れる""",平日21時の定時配信という運用スタイル、および「ホラー=癒し」という逆説的コンセプト,https://www.youtube.com/channel/UC4qIOAKTIm3tfamAqdPtrVg;https://www.tokorina-production.com/,2026-08-15
HORROR-05,Micro Gaming,サンキュー,YouTube(VTuber),https://www.youtube.com/user/DreamYroaD,2022年11月30日時点で50000人突破(最新値は要確認),UNKNOWN,UNKNOWN,ホラーゲームメイン,ホラゲー実況者兼Vtuberとして活動(デビュー時期は情報源間で食い違いあり、要確認),UNKNOWN,自身でホラーゲーム『ひとりだるま | HITORI DARUMA Alone Rite』(開発元STUDIO DYD、2026年発売予定、Psychological/Survival Horrorタグ)をSteamで発表。X ID「@dyddotjp」と開発会社名「STUDIO DYD」の一致から本人による自主制作の可能性が高い(推測)。「一人だるまさんがころんだ」をモチーフにした自作ホラー企画そのものが本人の作りたいホラー像を示す一次証拠,UNKNOWN,UNKNOWN,UNKNOWN,UNKNOWN,UNKNOWN,UNKNOWN,UNKNOWN,UNKNOWN,UNKNOWN(X @dyddotjpアカウント存在は確認。DM可否は未確認),UNKNOWN,UNKNOWN,UNKNOWN,UNKNOWN,ホラーゲーム実況者自身がSteamでホラーゲームを自主制作・発表しており、「あなたが遊びたいゲームを作らせてください」という営業コンセプトと直接一致する実績がすでにある,自作ホラーゲーム『ひとりだるま Alone Rite』(だるまさんがころんだをモチーフにした一人プレイ禁止ゲーム)の存在,https://x.com/dyddotjp;https://store.steampowered.com/app/4493120/__HITORI_DARUMA_Alone_Rite/,2026-08-15
HORROR-06,Micro Gaming,キャシー,YouTube(VTuber),https://x.com/V_KT_SAN,約20000人(時期不明、要最新確認),UNKNOWN,UNKNOWN,ホラーゲーム(海外の無名タイトル・新作の初見プレイ中心),海外の知名度の低いホラーゲームや新作ホラーの初見プレイを好んで取り上げる,UNKNOWN,UNKNOWN,UNKNOWN,UNKNOWN,UNKNOWN,UNKNOWN,UNKNOWN,UNKNOWN,UNKNOWN,UNKNOWN,UNKNOWN,UNKNOWN,UNKNOWN,UNKNOWN,UNKNOWN,チャンネル名が「キャシーさんはホラーゲームで遊びたい」であり、海外の新作・無名ホラータイトルの発掘的な紹介を志向している点でゲーム選定基準が読み取れる,UNKNOWN,https://x.com/V_KT_SAN;https://virtual-youtuber.userlocal.jp/user/251336B696620C98_4c0d1e,2026-08-15
INDIE-01,Micro Gaming,フェイチャンネル,YouTube,https://www.youtube.com/@feichannel_game/,UNKNOWN,UNKNOWN,ほぼ毎日22時からライブ配信,インディーゲーム全般・有名タイトル・オンラインゲーム,好きなインディーゲームとして『Return of the Obra Dinn』『Hotline Miami』『Outer Wilds』を明言。通算1500本以上のゲームをクリア・レビュー,20年以上のレビュー実績を持つベテラン。ゲーム開発者をゲストに招く『開発者と遊ぶ！』というインタビュー企画を継続実施,『Return of the Obra Dinn』『Hotline Miami』『Outer Wilds』が好きと明言。開発者インタビュー企画を継続しており作り手への関心が強い,UNKNOWN,UNKNOWN,インディーゲーム開発者ゲスト企画『開発者と遊ぶ！』を定期実施,UNKNOWN,UNKNOWN,UNKNOWN(文化放送出演等はあるが所属事務所名は未確認),UNKNOWN,可能性あり(@fei_921。DM可否未確認),UNKNOWN,UNKNOWN,X(@fei_921),中,UNKNOWN,インディーゲームと有名タイトル双方を扱う雑食系。開発者インタビュー企画があり制作費提案の文脈に慣れている可能性,『開発者と遊ぶ！』という開発者ゲスト企画を継続しており、作り手側との対話に既に慣れている,https://www.tokyosandbox.com/fei-channel;https://harf-way.com/news/indielifestreamers/;https://x.com/fei_921,2026-08-15
INDIE-02,Micro Gaming,LayerQ,YouTube,https://www.youtube.com/channel/UCBe8b4GRwN-rirmuqtRz7Vw,UNKNOWN(参考:X フォロワー約10.2K),UNKNOWN,新作・発売直前タイトルの継続チェック配信,インディーゲーム全般(特にローグライク・サバイバル系),日本語情報が少ない独自性の高いタイトルを専門的に紹介する方針。専門用語を避け「わかりやすさ」を重視,インディーゲーム専門集団『Indie Freaks』代表。架け橋ゲームズに5.5年在籍後独立し日本語ローカライズ支援にも関与,「専門用語を避け、より多くの人に理解できるコンテンツを作る」という発信方針を明言。ローグライク・サバイバル系への強い専門性,UNKNOWN,UNKNOWN,Indie Freaks運営を通じ他クリエイターとの接点多数(Discord 2975人),Indie Freaks Discordサーバー参加者2975人,UNKNOWN,UNKNOWN(過去に架け橋ゲームズ在籍。現在はIndie Freaks代表として独立),UNKNOWN,可能性あり(@Layer_Q),UNKNOWN,UNKNOWN,X(@Layer_Q)またはIndie Freaks経由,中,UNKNOWN,インディーゲーム専門コミュニティの代表。日本語情報が少ないタイトルの発掘・ローカライズに強く関心があり新規制作ゲームの発掘的紹介と親和性が高い,日本のNintendo eショップ販促文を最も多く執筆した人物と評されるほど業界に深く関与し、ローグライク・サバイバル系への専門性が明確,https://www.tokyosandbox.com/layerq;https://www.indie-freaks.com/discover;https://creators.spotify.com/pod/show/undrcast/episodes/56-LayerQ---LayerQ-e1o0hc8;https://harf-way.com/news/indielifestreamers/,2026-08-15
INDIE-03,Micro Gaming,しろこりGames,YouTube,https://www.youtube.com/@ShirocoryGames,UNKNOWN,UNKNOWN,日々ゲームプレイ動画・配信を投稿,インディーゲーム全般(アクションアドベンチャー・パズル・ナラティブ・実験的タイトル),お気に入りとして『tERRORbane』『Chicken Police』『TOEM』を明言。終末後(ポストアポカリプス)ADVに詳しいと紹介されている,インディーゲーム専門VTuber。ゲーミングラジオ番組『Creatorseed』へのゲスト出演やインディータイトルのPR配信も実施,「個性的な魅力を持つインディーゲームの楽しさを共有しています」と自己紹介。X上で「#しろこりインディー発掘」タグを立て新作・デモ版・個性的なタイトルの発掘を宣言,UNKNOWN,UNKNOWN,インディーゲームPRラジオ番組へのゲスト出演あり,UNKNOWN,UNKNOWN,UNKNOWN,あり(公式お仕事窓口フォーム:https://docs.google.com/forms/d/e/1FAIpQLSdPsQdVmAl3TDH0p_wxjqXz69ia8Q1iApczcQObSP57QPnjEQ/viewform),可能性あり(@Shirocory_Games),UNKNOWN,UNKNOWN,公式お仕事窓口フォーム(Googleフォーム),高,UNKNOWN,インディーゲーム専門VTuberで公式サイトに「お仕事窓口」フォームを明示しており企業案件対応実績があると推測される,自身のタグ『#しろこりインディー発掘』を運用し新作・デモ版・個性的なタイトルを継続的に発掘紹介、Steamレビュー投稿も積極的に行っている,https://www.tokyosandbox.com/shirocorygames;https://shirocorygames.wixsite.com/website;https://x.com/Shirocory_Games/status/2046766650427674670;https://harf-way.com/news/indielifestreamers/,2026-08-15
INDIE-04,Micro Gaming,季沙,YouTube(VTuber),https://x.com/kisa_vtuber,UNKNOWN,UNKNOWN,UNKNOWN(活動2周年を迎えたと紹介記事にあり継続的に活動),メカ・ロボット系(ガンダムブレイカー等)とほのぼの系,カフェのような落ち着いた雰囲気と関西弁の柔らかい語り口が特徴で、メカ系とほのぼの系を併用,落ち着いたカフェ風配信スタイル・関西弁,UNKNOWN,UNKNOWN,UNKNOWN,インディーライフストリーマーズ(複数クリエイターのリレー配信企画)に参加,UNKNOWN,UNKNOWN,UNKNOWN,UNKNOWN(個人勢と推測、未確認),UNKNOWN; 可能性あり(@kisa_vtuber。DM可否未確認),UNKNOWN,UNKNOWN,X(@kisa_vtuber),低,UNKNOWN,メカ・ロボット系とほのぼの系の両方を扱う点が特徴。個別Taste情報は少なく追加調査が必要,インディーゲーム専門リレー配信企画『インディーライフストリーマーズ』の正式メンバーとして選出されている,https://harf-way.com/news/indielifestreamers/,2026-08-15
INDIE-05,Micro Gaming,野々熊びこり,YouTube,https://www.youtube.com/@nonokuma_bicori,UNKNOWN,UNKNOWN,10時間超の耐久配信を定期的に実施,アクション・高難度タイトル中心,高難度チャレンジを好むハードコアゲーマーとして紹介されている,極端な長時間の耐久配信スタイル,UNKNOWN,UNKNOWN,UNKNOWN(高難度アクションへの挑戦傾向から推測できるが未確認),インディーライフストリーマーズに参加,UNKNOWN,UNKNOWN,UNKNOWN,UNKNOWN,可能性あり(@nonokuma_bicori),UNKNOWN,UNKNOWN,X(@nonokuma_bicori),低,UNKNOWN,高難度アクション特化。硬派なゲームデザインの企画提案と相性が良い可能性,10時間以上の耐久配信を定期的に行う高難度アクション志向のハードコアゲーマーとして紹介されている,https://harf-way.com/news/indielifestreamers/;https://www.youtube.com/@nonokuma_bicori,2026-08-15
INDIE-06,Micro Gaming,奈々瀬ひかげ,YouTube(VTuber),https://x.com/Hikage_Nanase,約2000人(2022年時点の記事による。本人は登録者1万人到達を目標として発言),UNKNOWN,週3〜4回、ホラーゲーム実況またはホラー映画同時視聴を実施,ホラーゲーム専門(インディーホラー中心),発売直後のインディーホラータイトルを積極的に追いかけプレスリリースからウィッシュリストを作成。追いかけ型ホラーを好むが人形・ピエロは苦手と明言,落ち着いたトーンでセリフを読み上げながら実況。ジャンプスケアにも取り乱さない,「登録者1万人。自分がやることでゲームが売れると良いなと思っている」と本人が明言,UNKNOWN,低め(取り乱さない安定した反応が売りと評される),ホラーゲーム開発者727NotHoundと共同開発プロジェクトを発表(発売時期未定),UNKNOWN,UNKNOWN,UNKNOWN(個人勢、オカルト研究部所属と紹介),UNKNOWN,可能性あり(@Hikage_Nanase),UNKNOWN,UNKNOWN,X(@Hikage_Nanase),中,対象は目安レンジ(1万〜15万)を下回る可能性が高い(本人目標は1万),「自分の配信でゲームが売れてほしい」という開発者支援志向を明言しており企画理解が期待できる。ただし登録者規模は目安を下回る可能性が高い,ホラーゲーム開発者727NotHoundとの共同開発プロジェクトを既に発表しており制作参加実績がある,https://v-mag.jp/articles/10318;https://harf-way.com/news/indielifestreamers/,2026-08-15
INDIE-07,Micro Gaming,とろっぽ,YouTube(VTuber),https://x.com/TRPO_451,UNKNOWN,UNKNOWN,UNKNOWN,パズル・癒し系(cozy)ゲーム,癒し系配信を志向しパズル・cozyゲームを中心に扱う,高音のソプラノでボーカロイド楽曲のカバーも歌う。リラックスした親しみやすいプレイスタイル,UNKNOWN,UNKNOWN,UNKNOWN,インディーライフストリーマーズに参加,UNKNOWN,UNKNOWN,UNKNOWN,UNKNOWN,可能性あり(@TRPO_451),UNKNOWN,UNKNOWN,X(@TRPO_451),低,UNKNOWN,癒し系・パズル系志向。刺激の強いweird gameよりも穏やかな体験設計との親和性が高い可能性,癒し系配信を掲げパズル・cozyゲームを軸に活動し歌枠も交える独自のキャラクター性を確立している,https://harf-way.com/news/indielifestreamers/,2026-08-15
INDIE-08,Micro Gaming,六葉ミカ,YouTube,https://www.youtube.com/@MikaMutsuha,約2140人(userlocal調べ、確認時期不明),UNKNOWN,UNKNOWN(2025年11月に活動4周年を迎えたと投稿あり),物語重視のインディータイトル・JRPG(FF・DQ・クロノトリガー等),日英バイリンガルで日本語タイトルの英語版をプレイしローカライズの違いを同時解説。インディータイトル『OU』や開発者ヨカゼの作品を取り上げるなど開発背景まで調査する深掘り型,原語版とローカライズ版を比較し文化的ニュアンスや開発背景を解説する深掘り型。音楽・サウンドデザインへの言及も特徴,UNKNOWN,UNKNOWN,UNKNOWN,UNKNOWN,UNKNOWN,UNKNOWN,UNKNOWN,UNKNOWN(元UHA味覚糖公式VTuber、現在はフリー),UNKNOWN; 可能性あり(@MikaMutsuha),UNKNOWN,UNKNOWN,X(@MikaMutsuha),低,対象は目安レンジ(1万〜15万)を下回る可能性が高い,ローカライズ・開発背景の深掘りが強み。制作サイドの意図を汲み取る適性は高いが登録者規模は目安を下回る,インディータイトル『OU』や開発者ヨカゼの作品を取り上げるなど単なる実況でなく開発意図やローカライズの差異まで調査する深掘りスタイルを一貫している,https://harf-way.com/news/ils_mutuha_mika/;https://virtual-youtuber.userlocal.jp/user/A19F381F29A0379A_c2853a,2026-08-15
INDIE-09,Micro Gaming,ロエマ,YouTube(VTuber),https://www.youtube.com/@V_roema,UNKNOWN(本人はチャンネル説明文で「まずは目指せ登録者2000人だ〜！」と発言),UNKNOWN,UNKNOWN,インディー・フリーゲーム(ADV・ノベルゲーム中心),『Unreal Life』『ghostpia』『Moonless Moon』『q.u.q』『Clinical Trial』など雰囲気重視の物語系タイトルを愛好。「ゲームがつまらないと思ったことがないので結局全部好きになってしまう」と発言,雑談を交えたリラックスした配信スタイルで叫ばず落ち着いたトーンを維持。「親しみやすいゲームショップ店員」のようだと評される,「ゲームがつまらないと思ったことがないので結局全部好きになってしまう」という発言。地味だが雰囲気のあるADV・ノベルゲームへの一貫した嗜好,UNKNOWN,低め(穏やかなトーンを維持するスタイル),インディーライフストリーマーズに参加、ゲームイベントにも出展,UNKNOWN,UNKNOWN,UNKNOWN,UNKNOWN(pixivFANBOXページあり:https://v-roema.fanbox.cc/),可能性あり(@V_roema),UNKNOWN,UNKNOWN,X(@V_roema)またはpixivFANBOX,低,対象は目安レンジ(1万〜15万)を下回る可能性が高い,地味だが雰囲気のあるADV・ノベルゲームへの嗜好が明確。登録者規模は目安を下回る可能性が高いがTasteの読み取りやすさは高い,『ghostpia』『q.u.q』など静かで内省的なADV/ノベルゲームを継続的に取り上げ、noteでの執筆活動もあるなど言語化能力が高い,https://harf-way.com/news/ils_roema/;https://v-roema.fanbox.cc/,2026-08-15
INDIE-10,Micro Gaming,ゐ星人チャンネル,YouTube(VTuber・夫婦ユニット),https://www.youtube.com/@iseijinchannel,UNKNOWN,UNKNOWN(直近は『Clair Obscur: Expedition 33』『ファンタジーライフ』等の最新タイトルを紹介),UNKNOWN,最新ゲーム全般・攻略中心,夫婦(センとミギリコ)で新作ゲームの攻略・紹介を行い視聴者は男性93%と本人談。「熱い議論から下品な笑いまで」幅広いトークを展開,夫婦の掛け合いを軸にした親しみやすい実況スタイル。ショート動画も活用,UNKNOWN,UNKNOWN,UNKNOWN,インディーライフストリーマーズに新メンバーとして参加,視聴者男女比が男性93%と本人が言及するほど熱量のあるコアファン層が形成されている可能性,UNKNOWN,UNKNOWN,UNKNOWN,UNKNOWN; 可能性あり(@iseijin_youtube),UNKNOWN,UNKNOWN,X(@iseijin_youtube),低,UNKNOWN,夫婦ユニットという編成が特徴。企画提案時は夫婦両名への訴求が必要,インディーライフストリーマーズにコラボ新メンバーとして正式紹介されておりインディーゲームを含む新作紹介を継続実施,https://harf-way.com/news/isl_iseizin/,2026-08-15
INDIE-11,Micro Gaming,スチまと,YouTube,https://www.youtube.com/@stmatomato/videos,約3.5万人,UNKNOWN,毎週火曜(週替わりセール注目作品まとめ)・隔週(新作注目ゲーム紹介)・毎週金曜(ジャンル別おすすめ特集),Steam全般(初心者向け・新作・インディー含む),日本最大級のSteam紹介チャンネルを標榜し週替わりの「20選」形式で網羅的に紹介,定型フォーマット(セール/新作/ジャンル別)による高頻度・網羅型の情報発信,UNKNOWN,UNKNOWN,UNKNOWN,UNKNOWN,UNKNOWN,UNKNOWN,UNKNOWN,UNKNOWN,可能性あり(@stmatomato),UNKNOWN,UNKNOWN,X(@stmatomato),低,UNKNOWN,網羅型・高頻度更新のカタログ的チャンネルで個人のTaste色は薄め。単体タイトル没入企画より露出・情報拡散向き,「毎週20選」形式でSteam新作・セールを高頻度かつ体系的にカバーし日本最大級のSteam紹介チャンネルと自称するほどの網羅力がある,https://x.com/stmatomato;https://www.youtube.com/@stmatomato/videos,2026-08-15
INDIE-12,Micro Gaming,やまチャンネルPCゲーム紹介実況,YouTube,https://www.youtube.com/channel/UC8RfNSyNPnQLPH51b8GGP4Q,UNKNOWN,UNKNOWN,UNKNOWN,Steam新作・セール情報中心,会社員をしながら運営し、Steamの新作や発売前の体験版を実況,兼業スタイルで新作紹介と体験版プレイレポートを軸にした実直な情報発信,UNKNOWN,UNKNOWN,UNKNOWN,UNKNOWN,UNKNOWN,UNKNOWN,UNKNOWN,UNKNOWN(個人勢、会社員との兼業と紹介),UNKNOWN; UNKNOWN(該当Xアカウント未特定),UNKNOWN,UNKNOWN,UNKNOWN,低,UNKNOWN,兼業個人勢で発売前体験版のプレイレポートに強み。情報が少なく個別Tasteの裏付けは限定的,Steamの新作紹介に加え発売前の体験版を実際にプレイしたレポートを行っている点が発掘系として特徴的,https://www.youtube.com/channel/UC8RfNSyNPnQLPH51b8GGP4Q,2026-08-15
INDIE-13,Micro Gaming,Steamおすすめゲーム実況ユーロ,YouTube,https://www.youtube.com/channel/UChMbMI7D8V39zD9GzVeCYww,1万人超(2020年4月に登録者1万人到達と紹介記事にあり、以後の推移は未確認),UNKNOWN,毎週金曜(週間Steam通信)・毎週日曜(Steam最新情報),Steam(PCゲーム)全般,「実況プレー動画付きで紹介する」ことで他のSteamキュレーターとの差別化を図っていると自ら説明,定期フォーマット(週刊情報番組形式)による安定運用。2015年12月から活動を継続する古参,UNKNOWN,UNKNOWN,UNKNOWN,UNKNOWN,Steamコミュニティグループ「ユーロチャンネル」を運営(メンバー206人),UNKNOWN,UNKNOWN,UNKNOWN,可能性あり(@SteamGamerY),UNKNOWN,UNKNOWN,X(@SteamGamerY)またはSteamコミュニティグループ,中,UNKNOWN,2015年から10年以上続く古参のSteam専門チャンネルで電子書籍『初めてのSteam』も出版するなど発信力を積み上げてきた実績がある,「実況プレー動画付きで紹介することで他のキュレーターと差別化」という方針を自ら明言し単なるレビューでなく実プレイに基づく紹介を一貫している,https://steamcommunity.com/groups/yuuro;https://store.steampowered.com/curator/24943609/;https://www.amazon.co.jp/dp/B085X3X3GJ,2026-08-15
INDIE-14,Micro Gaming,まーちんのゲーム集会所,YouTube,https://www.youtube.com/@martin_games,UNKNOWN,UNKNOWN,PSストア/Steamセールのタイミングに合わせて定期更新(月次のPS Plusカタログ紹介・フリープレイ紹介含む),ソウルライク・ローグライク・メトロイドヴァニア・ハクスラ・FPS・TPS,Borderlands、Elden Ring、Dark Souls、Bloodborne、Devil May Cry、The Division、Resident Evil、Castlevaniaを好みと明言。「掘り出し物、高コスパ、激安なインディーズ作品」を継続的に紹介,セール情報とジャンル特化型の実直な選書スタイル。「麺類主食ゲーマー」を自称しゲーム中に映画も並行視聴すると明かす,「掘り出し物、高コスパ、激安なインディーズ作品」を紹介方針として明言。ソウルライク/ローグライク/メトロイドヴァニアという明確なジャンル嗜好あり,UNKNOWN,UNKNOWN,UNKNOWN,UNKNOWN,UNKNOWN,UNKNOWN,UNKNOWN(個人ブログ運営の個人勢と推測),UNKNOWN; 可能性あり(該当アカウント名は記事内で未特定),UNKNOWN,UNKNOWN,YouTubeチャンネル経由(@martin_games),低,UNKNOWN,ソウルライク・ローグライク・メトロイドヴァニアという硬派なジャンル嗜好が明確。骨太な高難度設計の企画と相性が良い可能性,紹介済み全作品リストをブログで公開するほど網羅的に「掘り出し物」インディーズを発掘し続けており明言されたジャンル嗜好が一貫している,https://martingames.hatenablog.jp/entry/2025/02/23/153944;https://www.youtube.com/@martin_games,2026-08-15
INDIE-15,Micro Gaming,[IGC]インディーゲーム実況チャンネル,YouTube,https://www.youtube.com/channel/UCCfiAanFT8YW5ooXhTdJqmg,UNKNOWN,UNKNOWN,UNKNOWN,インディーゲーム全般(未リリースの開発中タイトルも対象),「インディーゲーム開発者による、インディーゲーム開発者とインディーゲーマーのためのゲーム実況番組」を標榜し未リリースの開発中タイトルも積極的に取り上げる,開発者目線でのコメンタリーが特徴とみられる(番組コンセプトより推測),UNKNOWN,UNKNOWN,UNKNOWN,開発中インディーゲームの実況という性質上、開発者との接点が構造的に多いと推測される,UNKNOWN,UNKNOWN,UNKNOWN,UNKNOWN,UNKNOWN(該当Xアカウント未特定),UNKNOWN,UNKNOWN,UNKNOWN,低,UNKNOWN,運営者自身がインディーゲーム開発者であるという番組コンセプトのため制作費提案という文脈への理解度が特に高い可能性がある,番組コンセプトが「インディーゲーム開発者による、開発者と開発者・ゲーマーのための実況番組」であり開発中タイトルも扱う姿勢が発掘・支援志向と直結している,https://www.youtube.com/channel/UCCfiAanFT8YW5ooXhTdJqmg,2026-08-15
STREAM-01,Micro Gaming,白玉ひろし,Twitch/YouTube,https://www.twitch.tv/v_shiratama,UNKNOWN,同接約1478人(Overwatch2ランク配信),UNKNOWN,Overwatch2(ヒーローシューターFPS),OW2でコンテンダーズ出場経験を持つ世界唯一のVTuberと紹介される。得意ヒーローはトレーサー・マクリー・アッシュ・アナ,初心者向け解説・ポジショニング講座・ランクマッチ配信中心。個人向けコーチングサービスも提供,UNKNOWN,UNKNOWN,UNKNOWN,UNKNOWN,UNKNOWN,UNKNOWN,UNKNOWN(個人勢とみられる),UNKNOWN,Xアカウント公開(@v_shiratama)・DM可否は未確認,UNKNOWN,UNKNOWN,X(@v_shiratama),中(公式X/Twitch/YouTubeは確認済みだが直接連絡経路は未確認),Overwatchでのランク向上を目指す初心者〜中級者層,「世界唯一のOWコンテンダーズ出場VTuber」という競技実績を配信の軸にしており、対戦企画・実力検証系との相性が良い,得意ヒーローがトレーサー・マクリー・アッシュ・アナと具体的に公表されている,https://ikioi-ranking.com/v/twitch;https://www.twitch.tv/v_shiratama;https://twitter.com/v_shiratama;https://www.youtube.com/@shiratamahiroshi,2026-08-15
STREAM-02,Micro Gaming,白熊つらら,Twitch,https://www.twitch.tv/shirokuma_tsurara,Twitchフォロワー約11257人,過去30日で平均同接423人・ピーク1983人,過去30日で114時間配信,League of Legends,LoL専業ストリーマー。eスポーツチームREJECTのストリーマー部門に所属,「全力」が特技という公式紹介。しっかり者だが少し天然な一面も持つキャラクター設定,UNKNOWN,UNKNOWN,UNKNOWN,同期デビューの鴉羽そらとの関連あり(詳細頻度は未確認),Twitchフォロワー約11257人,UNKNOWN,REJECT(eスポーツチーム ストリーマー部門),UNKNOWN,UNKNOWN,UNKNOWN,UNKNOWN,UNKNOWN,低〜中(事務所所属のため個別契約は代理店経由の可能性),LoLプレイヤー・視聴者層,直近30日で平均400人超・ピーク2000人近い同接を安定して維持しており、Micro〜Small帯で継続視聴層を確保している,REJECT公式プロフィールが「全力投球」を特技として紹介している,https://www.twitchmetrics.net/c/1477150936-shirokuma_tsurara;https://reject.jp/member/tsurara-shirokuma/;https://www.twitch.tv/shirokuma_tsurara;https://reject.jp/2026/04/16/260416/,2026-08-15
STREAM-03,Micro Gaming,yamatonjp,Twitch,https://www.twitch.tv/yamatonjp,UNKNOWN,同接約787人(Escape from Tarkov),UNKNOWN,Escape from Tarkov(タクティカルFPS/サバイバル),UNKNOWN,UNKNOWN,UNKNOWN,UNKNOWN,UNKNOWN,UNKNOWN,UNKNOWN,UNKNOWN,UNKNOWN,UNKNOWN,UNKNOWN,UNKNOWN,UNKNOWN,Twitch経由,低(プロフィール詳細は未確認),Tarkovプレイヤー・タクティカルFPS層,日本語Tarkov配信の同接ランキング上位に定着しており、タイトル専業の濃いコミュニティを持つ,UNKNOWN,https://ikioi-ranking.com/v/twitch;https://www.twitch.tv/yamatonjp,2026-08-15
STREAM-04,Micro Gaming,えんてぃ,Twitch,https://www.twitch.tv/entych,UNKNOWN,同接約637人(League of Legends),UNKNOWN,League of Legends,UNKNOWN,UNKNOWN,UNKNOWN,UNKNOWN,UNKNOWN,UNKNOWN,UNKNOWN,UNKNOWN,UNKNOWN,UNKNOWN,UNKNOWN,UNKNOWN,UNKNOWN,Twitch経由,低(プロフィール詳細は未確認),LoLプレイヤー層,日本語LoL配信の同接ランキングで中堅上位に位置し、継続的な視聴基盤を持つ,UNKNOWN,https://ikioi-ranking.com/v/twitch;https://www.twitch.tv/entych,2026-08-15
STREAM-05,Micro Gaming,dexyuku,Twitch,https://www.twitch.tv/dexyuku,UNKNOWN,同接約590人(Escape from Tarkov),UNKNOWN,Escape from Tarkov,UNKNOWN,UNKNOWN,UNKNOWN,UNKNOWN,UNKNOWN,UNKNOWN,UNKNOWN,UNKNOWN,UNKNOWN,UNKNOWN,UNKNOWN,UNKNOWN,Twitch経由,低(プロフィール詳細は未確認),Tarkovプレイヤー層,UNKNOWN,日本語Tarkov配信ランキング上位に定着し、単一タイトルへの専門性が高い,UNKNOWN,https://ikioi-ranking.com/v/twitch;https://www.twitch.tv/dexyuku,2026-08-15
STREAM-06,Micro Gaming,猫理論,Twitch,https://www.twitch.tv/puioff,UNKNOWN,同接約463人(VALORANT),UNKNOWN,VALORANT,UNKNOWN,UNKNOWN,UNKNOWN,UNKNOWN,UNKNOWN,UNKNOWN,UNKNOWN,UNKNOWN,UNKNOWN,UNKNOWN,UNKNOWN,UNKNOWN,Twitch経由,低(プロフィール詳細は未確認),VALORANTプレイヤー層,UNKNOWN,日本語VALORANT配信ランキングで中堅上位に位置する,UNKNOWN,https://ikioi-ranking.com/v/twitch;https://www.twitch.tv/puioff,2026-08-15
STREAM-07,Micro Gaming,幻妖クリスティーヌ,Twitch/YouTube,https://www.twitch.tv/christinu_genyou,UNKNOWN,同接約347人(Escape from Tarkov),UNKNOWN,Escape from Tarkov,EFTのタスク攻略に特化。YouTube Shortsでも個別タスクの攻略解説を継続投稿。日英両言語での配信も行う,攻略・解説寄りのゲーム実況スタイル,UNKNOWN,UNKNOWN,UNKNOWN,UNKNOWN,UNKNOWN,UNKNOWN,UNKNOWN,UNKNOWN,UNKNOWN,UNKNOWN,UNKNOWN,Twitch経由 または YouTube,低〜中(YouTube併用で接点が複数ある),Tarkovの攻略情報を求める視聴者層,「Kord Breach」等の個別タスク名を挙げた攻略Shortsを連投しており、ゲーム内の細部への深い知識・こだわりが確認できる,EFTの新タスク攻略を毎回具体的なタスク名付きでShorts化している,https://ikioi-ranking.com/v/twitch;https://www.twitch.tv/christinu_genyou;https://www.youtube.com/shorts/iVlzz_V87TU;https://www.youtube.com/watch?v=aUCcKWLNwuw,2026-08-15
STREAM-08,Micro Gaming,史門,Twitch,https://www.twitch.tv/shimon_vtuber_,UNKNOWN,同接約346人(Escape from Tarkov),UNKNOWN,Escape from Tarkov,UNKNOWN,アカウント名(shimon_vtuber_)からVTuberとしての活動が示唆される,UNKNOWN,UNKNOWN,UNKNOWN,UNKNOWN,UNKNOWN,UNKNOWN,UNKNOWN,UNKNOWN,UNKNOWN; UNKNOWN,UNKNOWN,UNKNOWN,Twitch経由,低(プロフィール詳細は未確認),Tarkovプレイヤー層,日本語Tarkov配信ランキング上位に定着している,UNKNOWN,https://ikioi-ranking.com/v/twitch;https://www.twitch.tv/shimon_vtuber_,2026-08-15
STREAM-09,Micro Gaming,りんごもちぃ,Twitch/OPENREC.tv,https://www.twitch.tv/momoti1234,UNKNOWN,同接約342人(Potato Simulator系),UNKNOWN,UNKNOWN,Twitch・OPENREC.tvの複数プラットフォームで活動。視聴者は日本の20代前半男性が中心という分析データがある,UNKNOWN,UNKNOWN,UNKNOWN,UNKNOWN,UNKNOWN,UNKNOWN,UNKNOWN,UNKNOWN,UNKNOWN,Xアカウント公開(@ringo_moti12),UNKNOWN,UNKNOWN,X(@ringo_moti12),低〜中,20代前半の男性ゲーム視聴層,Twitch・OPENRECを併用したマルチプラットフォーム展開をしており、視聴者データ上20代前半男性のゲーム関心層と強く合致する,UNKNOWN,https://ikioi-ranking.com/v/twitch;https://www.twitch.tv/momoti1234;https://streamscharts.com/channels/momoti1234;https://x.com/ringo_moti12,2026-08-15
STREAM-10,Micro Gaming,とあるめも,Twitch,https://www.twitch.tv/toaru_memo,UNKNOWN,同接約278人(Escape from Tarkov),UNKNOWN,Escape from Tarkov,UNKNOWN,UNKNOWN,UNKNOWN,UNKNOWN,UNKNOWN,UNKNOWN,UNKNOWN,UNKNOWN,UNKNOWN,UNKNOWN,UNKNOWN,UNKNOWN,Twitch経由,低(プロフィール詳細は未確認),Tarkovプレイヤー層,UNKNOWN,日本語Tarkov配信ランキングに継続的に登場している,UNKNOWN,https://ikioi-ranking.com/v/twitch;https://www.twitch.tv/toaru_memo,2026-08-15
STREAM-11,Micro Gaming,シーラたそ,Twitch,https://www.twitch.tv/sheila_378njl,UNKNOWN,同接約272人(Black Desert),UNKNOWN,Black Desert(MMORPG),UNKNOWN,UNKNOWN,UNKNOWN,UNKNOWN,UNKNOWN,UNKNOWN,UNKNOWN,UNKNOWN,UNKNOWN,UNKNOWN,UNKNOWN,UNKNOWN,Twitch経由,低(プロフィール詳細は未確認),MMORPGプレイヤー層,UNKNOWN,MMORPGという長時間視聴を前提としたジャンルで固定層を持つ,UNKNOWN,https://ikioi-ranking.com/v/twitch;https://www.twitch.tv/sheila_378njl,2026-08-15
STREAM-12,Micro Gaming,じぇりい,Twitch,https://www.twitch.tv/jery0205,UNKNOWN,同接約226人(Eternal Return),UNKNOWN,Eternal Return(バトルロイヤールMOBA),UNKNOWN,UNKNOWN,UNKNOWN,UNKNOWN,UNKNOWN,UNKNOWN,UNKNOWN,UNKNOWN,UNKNOWN,UNKNOWN,UNKNOWN,UNKNOWN,Twitch経由,低(プロフィール詳細は未確認),Eternal Returnプレイヤー層,UNKNOWN,国内でも配信者が少ないEternal Returnで継続配信しており、ニッチタイトルへの専門性が高い,UNKNOWN,https://ikioi-ranking.com/v/twitch;https://www.twitch.tv/jery0205,2026-08-15
STREAM-13,Micro Gaming,ほそしん,Twitch,https://www.twitch.tv/hososhin_twitch,UNKNOWN,同接約213人(Apex Legends),UNKNOWN,Apex Legends,UNKNOWN,UNKNOWN,UNKNOWN,UNKNOWN,UNKNOWN,UNKNOWN,UNKNOWN,UNKNOWN,UNKNOWN,UNKNOWN,UNKNOWN,UNKNOWN,Twitch経由,低(プロフィール詳細は未確認),Apex Legendsプレイヤー層,UNKNOWN,日本語Apex配信ランキングに継続的に登場している,UNKNOWN,https://ikioi-ranking.com/v/twitch;https://www.twitch.tv/hososhin_twitch,2026-08-15
STREAM-14,Micro Gaming,アベレージ / Average Channel,YouTube,https://www.youtube.com/@Average_Virtual,YouTube登録者約8.17万人(2026-08-13時点),UNKNOWN,ほぼ毎日配信,Among Us・マリオカート・RUST等のバラエティ,「平均的VTuber」を自称し、突出しない普通さを個性として打ち出す自己紹介コンセプト,雑談・ゲーム実況・コラボ配信・歌ってみたを横断する多ジャンル型,UNKNOWN,UNKNOWN,UNKNOWN,コラボ配信を実施している実績あり(頻度は未確認),UNKNOWN,average0virtual@gmail.com,UNKNOWN(無所属の個人勢と見られる),UNKNOWN,Xアカウント公開(@Average_Virtual),UNKNOWN,UNKNOWN,ビジネスメール(average0virtual@gmail.com),高(公開ビジネスメールを確認済み),カジュアル・パーティゲーム視聴層,ビジネス問い合わせ用メールを公開しており企業案件との接続を前提にした運用が確認できる。Among UsやRUST等の企画映えするマルチプレイタイトルをほぼ毎日配信している,「平均＝アベレージ」という自己紹介コンセプト自体が企画ネタとして扱いやすい,https://playboard.co/en/channel/UC6B5ARoyTKS5S3-mz2WzYig;https://x.com/average_virtual;https://average.fanbox.cc/;https://www.liverank.jp/ranking/subscriber/total/Vtuber+個人勢/3,2026-08-15
STREAM-15,Micro Gaming,のらきゃっとチャンネル,YouTube,https://x.com/vr_girl_noracat,YouTube登録者約8.62万人(2026-08-13時点),UNKNOWN,毎週火曜・日曜20時に定期生配信,ゲーム実況・企画系のバラエティ(具体タイトルは未特定),2017年デビューの古参バーチャル美少女生主。豊富な配信経験に裏打ちされたトーク力が持ち味,トーク主体+ゲーム実況+企画系のバラエティ配信,UNKNOWN,UNKNOWN,UNKNOWN,UNKNOWN,UNKNOWN,UNKNOWN,UNKNOWN,UNKNOWN,「お仕事依頼はDMまで」と公式Xに明記(@VR_Girl_NoraCat),UNKNOWN,UNKNOWN,X DM(@VR_Girl_NoraCat),高(DM受付を公式に明記),古参VTuberファン・長期視聴層,毎週火・日の定期配信を継続する運営力と、Xで「お仕事依頼はDMまで」と明記する受け入れ体制が確認できる,2017年からの活動歴で「バラエティ豊かな動画」が持ち味と公式に紹介されている,https://dic.pixiv.net/a/のらきゃっと;https://x.com/vr_girl_noracat;https://youtubernext.jp/youtuber/yt_367/;https://www.liverank.jp/ranking/subscriber/total/Vtuber+個人勢/3,2026-08-15
STREAM-16,Micro Gaming,Babu Ch. 羽渕やむ,YouTube,https://www.youtube.com/channel/UCdUpvKm_lTc9w9fy7HdrR9g,YouTube登録者約10.0万人(2026-08-13時点),UNKNOWN,UNKNOWN,スプラトゥーン・アイドルマスター シンデレラガールズ スターライトステージ・ディズニー ツイステッドワンダーランド,ディズニーとファッションに詳しいことを公式プロフィールで明言。元にじさんじ「扇風エゴラ」から独立した経歴を持つ,見た目の可愛さとフルスロットルなトークのギャップが特徴。他の個人勢VTuberとのコラボも実施,UNKNOWN,UNKNOWN,UNKNOWN,他の個人勢VTuberとのコラボ実績あり(頻度は未確認),UNKNOWN,UNKNOWN,UNKNOWN(現在は無所属の個人勢、旧にじさんじ所属から独立),UNKNOWN,Xアカウント公開(@BabutarOfficial),UNKNOWN,UNKNOWN,X(@BabutarOfficial),中,ディズニー・乙女ゲーム・アイドルゲーム好き層とスプラトゥーン層の両方,ディズニー作品(ツイステ)とスプラトゥーンという異なる嗜好を両立して配信しており、ジャンル横断のTasteが明確,「ディズニーとファッションに詳しい」ことを公式プロフィールで明言している,https://virtual-youtuber.userlocal.jp/user/39E7150004637221_357b06;https://x.com/babutarofficial;https://wikiwiki.jp/babutaro/;https://www.liverank.jp/ranking/subscriber/total/Vtuber+個人勢/2,2026-08-15
STREAM-17,Micro Gaming,なつめえりちゃんねる,YouTube,https://x.com/erisize,YouTube登録者約8.1万人(2026-08-13時点),UNKNOWN,UNKNOWN,UNKNOWN(雑談・お絵かき・ゲームが中心と紹介されるが具体タイトルは未特定),本業イラストレーター・漫画家としての活動を背景に、お絵かき配信とゲーム実況を組み合わせる,雑談・お絵かき・ゲームを横断するマルチジャンル配信,UNKNOWN,UNKNOWN,UNKNOWN,UNKNOWN,UNKNOWN,UNKNOWN,UNKNOWN(無所属の個人勢イラストレーターVTuber),UNKNOWN,Xアカウント公開(@erisize),UNKNOWN,UNKNOWN,X(@erisize),中,イラスト・創作系ファンとゲーム実況ファンの両方,イラストレーター本業の技術を活かした配信内容とゲーム実況を両立しており、ビジュアル面でのコラボ企画との相性も見込める,自作のセルフ受肉モデルでVTuberデビューした経緯があり、ビジュアル面への強いこだわりが確認できる,https://twpf.jp/erisize;https://x.com/erisize;https://dic.pixiv.net/a/なつめえり;https://www.liverank.jp/ranking/subscriber/total/Vtuber+個人勢/3,2026-08-15
STREAM-18,Micro Gaming,沙倉くぅ(くぅch.),YouTube,https://www.youtube.com/channel/UC77FLsC_6ZmjhZ7BA5uV_KQ,YouTube登録者約6.57万人(2026-08-13時点),UNKNOWN,UNKNOWN,UNKNOWN(具体タイトルは未特定。ホラーゲームは苦手と公表),「引きこもり系」を自認するキャラクター設定。肉・刺身・たこ焼き等の食べ物好きを公言,だらしないメイド系キャラクター。ゆるい雑談寄りのスタイル,ホラーゲームが苦手・嫌いと公式プロフィールに記載されている(コージー系・生活シム等の企画が刺さる可能性を示唆),UNKNOWN,UNKNOWN,UNKNOWN,UNKNOWN,UNKNOWN,UNKNOWN(無所属の個人勢と見られる),UNKNOWN,Xアカウントの可能性あり(@gamingkuu、確度中),UNKNOWN,UNKNOWN,lit.link経由 または pixivFANBOX,低〜中,まったり系・生活シム好きの視聴層,「ホラーゲームが嫌い」という明確な苦手ジャンルが公表されており、逆に得意な生活シム・まったり系企画で刺さる可能性が高い,「ホラーゲーム嫌い」「野菜嫌い」といった具体的な好き嫌いプロフィールが充実している,https://qooch.fanbox.cc/;https://lit.link/en/sakuraqoo;https://www.youtube.com/channel/UC77FLsC_6ZmjhZ7BA5uV_KQ;https://www.liverank.jp/ranking/subscriber/total/Vtuber+個人勢/4,2026-08-15
STREAM-19,Micro Gaming,金美館通りの藤村さん,YouTube,https://x.com/ofuronofujimura,YouTube登録者約13.0万人(2026-08-13時点),UNKNOWN,UNKNOWN,ホラーゲーム実況(配信内容の一部)。他は旅行・シチュエーションボイス・競馬同時視聴等,元夜職(泡姫)の接客経験を基にしたトーク配信が中心で、ゲームは配信内容の一部という多角経営型,夜職系トーク+ホラーゲーム実況+競馬同時視聴+メンバー限定配信という複数コンテンツの並行運営,UNKNOWN,UNKNOWN,ホラーゲーム実況を継続している点から一定のリアクション需要が見込まれるが実測データは未確認,UNKNOWN,UNKNOWN,UNKNOWN,UNKNOWN(無所属の個人勢),UNKNOWN,Xアカウント公開(@ofuronofujimura)。有料電話相談の受付窓口を告知しており自主運営の実績がある,UNKNOWN,UNKNOWN,X(@ofuronofujimura),中(ビジネス的な受付窓口を自ら運用している実績あり),夜職・接客トーク好き層とホラーゲーム視聴層の両方,ホラーゲーム実況・競馬同時視聴・有料電話相談など複数の企画を自主運営しており、新規企画を持ち込んだ際の実行力・ビジネス感度が高いと見込める,「ホラーゲーム実況」を持ちネタの一つとして継続配信している,https://note.com/eisyun/n/n652940cbf207;https://x.com/ofuronofujimura;https://dic.nicovideo.jp/a/金美館通りの藤村さん;https://www.liverank.jp/ranking/subscriber/total/Vtuber+個人勢/2,2026-08-15
SOCIAL-01,Micro Gaming,ひろはす(@hirohasusan),X(Twitter)(YouTube/TikTokも並行運営),https://x.com/hirohasusan,Xフォロワー約1.3万人、YouTube登録者約7万人(記事により8万人表記もあり、最新正確値はUNKNOWN),UNKNOWN,UNKNOWN,個人開発ゲーム全般(スマホゲーム中心),小学生の頃から30年以上ゲームを個人開発し続け、自作ゲーム累計1000万DLを達成。会社員時代も10年間副業でゲーム制作を継続してから独立という一貫した「作り続ける」姿勢,ゲーム開発ノウハウ・Unity Tips解説、後進育成(ゲームクリエイター養成所運営),UNKNOWN,UNKNOWN,UNKNOWN,UNKNOWN,YouTube登録者7万人規模のコミュニティ,UNKNOWN,UNKNOWN,あり(公式サイトhirohasu.comに問い合わせフォーム設置を確認),UNKNOWN,UNKNOWN,UNKNOWN,公式サイト問い合わせフォーム(hirohasu.com),中(公式サイトに明示的な問い合わせフォームあり),ゲーム制作を学びたい個人開発者志望層,小学生からゲームを作り続け、会社員時代も副業で開発を止めなかった「一番好きなものを作り続ける」人生設計そのものが、本人が本当に遊びたい/作りたいゲームを作らせる企画の狙いと一致する,累計1000万DLを個人開発で達成した実績を踏まえ「会社の制約を離れて、あなたが本当に作りたかった一本を本気で作らせてほしい」という提案の刺さりどころが明確,https://hirohasu.com/;https://x.com/hirohasusan;https://ja.wikipedia.org/wiki/ひろはす;https://gamejuku.success-corp.co.jp/movie/_zex0p0ywmu/,2026-08-15
SOCIAL-02,Micro Gaming,Hytacka(@hytacka),X(Twitter)(YouTubeでのゲーム制作実況が主コンテンツ),https://x.com/hytacka,Xフォロワー約1.8万人、YouTube登録者約13万人,UNKNOWN,UNKNOWN,アクションRPG(ソウルライク)個人開発,元フロム・ソフトウェアでダークソウル3 DLC開発に携わったプランナー出身。独立後「世界一面白いソウルライクを作る」を掲げ、ダークソウル・モンハン・For Honorに影響を受けたアクションRPGを一人で作り続けている。講談社ゲームクリエイターズラボ1期生,ゲーム制作の過程をそのまま配信する「制作実況」形式,「世界一面白い神ゲーを作る」という発言が過去のインタビュー記事で確認できる,UNKNOWN,UNKNOWN,UNKNOWN,YouTube登録者13万人規模,UNKNOWN,UNKNOWN(講談社ゲームクリエイターズラボ在籍経験あり、現所属はUNKNOWN),UNKNOWN,UNKNOWN,UNKNOWN,UNKNOWN,X(@hytacka)宛のリプライ/DM打診(開放性は未確認のため要確認),低〜中(公開の問い合わせ窓口は確認できず、X経由のアプローチが現実的),元大手スタジオ出身の硬派なアクションゲームファン層,「世界一面白いソウルライクを作る」という明確な生涯目標を公言し、フリーランス転向後も一貫してその1本だけを作り続けている,元フロム・ソフトウェアのDLC開発経験と「世界一面白い神ゲーを作る」という発言を踏まえ「その本気の一本を、こちらの制作費で完成させないか」という提案が刺さる,https://x.com/hytacka;https://www.youtube.com/@Hytacka/about;https://note.com/save_yuri/n/ne78868e85441;https://creatorslab.kodansha.co.jp/topics/1138/,2026-08-15
SOCIAL-03,Micro Gaming,K@1(Kイチ),TikTok,https://www.tiktok.com/@kei_1weplay,約7.79万人(TikTok、直接確認),UNKNOWN,毎日夜7時30分からライブ配信(水曜休み、プロフィール記載),スマホゲーム「weplay」(人狼系ゲーム)中心,特定タイトル「weplay」の人狼系ゲームに特化して実況を継続,ライブ配信中心。動画制作の外部依頼をDMで受付中と明記,UNKNOWN,いいね/フォロワー比 約9.9倍(いいね77.4万/フォロワー7.79万),UNKNOWN,いいね数77.4万(TikTok),UNKNOWN,UNKNOWN,UNKNOWN,UNKNOWN,UNKNOWN,可能性あり(プロフィールに「動画制作の依頼はDMで受け付けています」と明記),TikTok DM,中〜高(DM経由の外部依頼受付を自ら明記),スマホの人狼・推理系ゲームファン層,UNKNOWN,毎日決まった時間にライブ配信を継続し「weplay」という特定タイトルに特化することで固定ファンを作っている、継続力と専門性の両立が明確,「weplay」への特化と、外部依頼をDMで受け付けている開放性から「人狼系で一番好きな要素を詰め込んだ新作を作らないか」という提案が成立しやすい,https://www.tiktok.com/@kei_1weplay;https://wonderx.co.jp/magazine/TikTok/3175/,2026-08-15
SOCIAL-04,Micro Gaming,大関ゲーム,TikTok,https://www.tiktok.com/@ozekigame,約7.54万人(TikTok、直接確認),UNKNOWN,UNKNOWN,UNKNOWN(プロフィールに具体ジャンル記載なし、ゲーム全般),「ゲーム以外マジでなんにもしてないです」と自認するほどゲーム中心の生活を公言,TikTokとYouTube両方でゲーム関連動画を投稿,UNKNOWN,いいね/フォロワー比 約23.9倍(いいね180万/フォロワー7.54万),UNKNOWN,いいね数180万(TikTok),UNKNOWN,UNKNOWN,UNKNOWN,UNKNOWN,UNKNOWN,UNKNOWN,TikTok DM(開放性未確認、要事前調査),低〜中(公開の問い合わせ窓口は未確認),ゲームを生活の中心に置くコアゲーマー層,UNKNOWN,「ゲーム以外マジでなんにもしてない」という自己申告レベルの生活全振り具合が、企画の対象者像(一番遊びたいゲームに本気の人)と直接合致,「ゲーム以外何もしていない」という自己紹介を踏まえ「その情熱をぶつけられる1本を一緒に作らないか」という誘い方が自然,https://www.tiktok.com/@ozekigame,2026-08-15
SOCIAL-05,Micro Gaming,マメソラ,TikTok,https://www.tiktok.com/@mamoura13,約14.43万人(TikTok、直接確認),UNKNOWN,UNKNOWN,UNKNOWN(プロフィールに具体ジャンル記載なし),「ゲームを色んな方法で楽しんでます」と特定ジャンルに絞らない幅広い楽しみ方を明言,TikTokでゲーム関連コンテンツを発信、外部リンク(lit.link/mamesora)で活動情報を集約,UNKNOWN,いいね/フォロワー比 約38.8倍(いいね560万/フォロワー14.43万),UNKNOWN,いいね数560万(TikTok),UNKNOWN,UNKNOWN,UNKNOWN,UNKNOWN,UNKNOWN,UNKNOWN,TikTok DM(開放性未確認、要事前調査),低〜中(公開の問い合わせ窓口は未確認、lit.linkに他窓口がある可能性),幅広いゲームの楽しみ方に関心がある層,UNKNOWN,「色んな方法で楽しむ」という発言から、特定ジャンルに縛られない遊び方そのものを楽しんでいる価値観が読み取れる,「色んな方法で楽しむ」というスタンスを踏まえ「あなたなりの楽しみ方を詰め込んだ一本を作らないか」という提案がしやすい,https://www.tiktok.com/@mamoura13,2026-08-15
SOCIAL-06,Micro Gaming,兄貴蜂,TikTok,https://www.tiktok.com/@aniki432100,約1.22万人(TikTok、直接確認),UNKNOWN,UNKNOWN,Roblox,「ロブロックスのゲームを適当に遊んでます」と明言し、Roblox専門で活動垢を変えながら継続,Roblox内の複数タイトルをカジュアルにプレイする動画を投稿,UNKNOWN,いいね/フォロワー比 約18.3倍(いいね22.4万/フォロワー1.22万),UNKNOWN,いいね数22.4万(TikTok),UNKNOWN,UNKNOWN,UNKNOWN,UNKNOWN,UNKNOWN,UNKNOWN,TikTok DM(開放性未確認、要事前調査),低〜中(公開の問い合わせ窓口は未確認),Robloxを主戦場とする若年〜Z世代ゲーマー層,UNKNOWN,Robloxという単一プラットフォームに絞り、複数IDを使い分けてまで遊び続けている専門性の高さが明確,Roblox専門という特化ポイントを踏まえ「Roblox上で一番作りたい世界観を形にしないか」という提案が刺さりやすい,https://www.tiktok.com/@aniki432100,2026-08-15
SOCIAL-07,Micro Gaming,銀の戦車,TikTok,https://www.tiktok.com/@user2218468142162,約9246人(0.92万人、TikTok、直接確認),UNKNOWN,UNKNOWN,レトロゲーム,「主にレトロゲームの紹介を中心にプレイしてます」「下手ですが魂を込めてプレイしてます」と、懐かしさを感じる世代と若い世代双方への橋渡しを意識,レトロゲーム紹介・プレイ動画中心,UNKNOWN,いいね/フォロワー比 約7.8倍(いいね7.21万/フォロワー9246),UNKNOWN,いいね数7.21万(TikTok),UNKNOWN,UNKNOWN,UNKNOWN,UNKNOWN,UNKNOWN,UNKNOWN,TikTok DM(開放性未確認、要事前調査),低〜中(公開の問い合わせ窓口は未確認、フォロワー数は目安下限に近い),レトロゲーム世代と若年層をつなぎたい層,UNKNOWN,「下手ですが魂を込めてプレイ」という発言に、上手さより愛着を重視するレトロゲームへの本気度が表れている,レトロゲームへの愛着と「世代を繋ぎたい」という姿勢を踏まえ「あなたが愛したあの時代のゲームの続きを本気で作らせてほしい」という提案が刺さる,https://www.tiktok.com/@user2218468142162,2026-08-15
SOCIAL-08,Micro Gaming,ぱんお。,TikTok(YouTube・Twitch・Xも並行運営),https://www.tiktok.com/@panoooooo816,約1.33万人(TikTok、直接確認),UNKNOWN,UNKNOWN,UNKNOWN(プロフィールに具体ジャンル記載なし、Twitchでの配信活動から推定でゲーム系の可能性),UNKNOWN(具体的な発言内容までは確認できず),YouTube・Twitch・X・TikTokの4プラットフォームを並行運営,UNKNOWN,いいね/フォロワー比 約65.9倍(いいね87.7万/フォロワー1.33万),UNKNOWN,いいね数87.7万(TikTok),UNKNOWN,UNKNOWN,UNKNOWN,UNKNOWN,UNKNOWN,UNKNOWN,TikTok DM(開放性未確認、要事前調査),低(公開の問い合わせ窓口は未確認、ゲーム特化かどうかも要確認),複数プラットフォームを横断する視聴者層,UNKNOWN,YouTube・Twitch・X・TikTokの4媒体を同時運用している点で、マルチプラットフォーム展開への意欲が高いことが読み取れる(ただし具体的なゲーム的好みは未確認),UNKNOWN,https://www.tiktok.com/@panoooooo816,2026-08-15
SOCIAL-09,Micro Gaming,たまはゲーム実況者,TikTok(YouTubeが本編),https://www.tiktok.com/@pearl_live_,約6.22万人(TikTok、直接確認),UNKNOWN,UNKNOWN,UNKNOWN(プロフィールに具体ジャンル記載なし),「YouTube活動上(SNS含む)の写真や動画以外の使用、誤解を生む切り抜きは禁止」と利用規約を明記するなど、自身のコンテンツ管理へのこだわりが強い,YouTubeでのゲーム実況が本編、TikTokは告知用に運用,UNKNOWN,いいね/フォロワー比 約15.3倍(いいね95.4万/フォロワー6.22万),UNKNOWN,いいね数95.4万(TikTok),UNKNOWN,UNKNOWN,UNKNOWN,UNKNOWN,UNKNOWN,UNKNOWN,TikTok DM(開放性未確認、要事前調査),低〜中(公開の問い合わせ窓口は未確認),YouTube本編を軸にした継続視聴層,UNKNOWN,「誤解を生む切り抜き禁止」という明確な利用規約を自ら掲げている点に、自分のコンテンツと世界観を大事にする姿勢が表れている,UNKNOWN,https://www.tiktok.com/@pearl_live_,2026-08-15
SOCIAL-10,Micro Gaming,ぴょん,TikTok,https://www.tiktok.com/@pyon_game,約12.56万人(TikTok、直接確認),UNKNOWN,毎日投稿・毎日配信(プロフィール記載),UNKNOWN(プロフィールに具体ジャンル記載なし、「ゲーム配信者」と明言),「毎日投稿毎日配信」を掲げ、休みなく配信を継続する姿勢そのものが特徴,毎日配信を軸としたゲーム配信活動,UNKNOWN,いいね/フォロワー比 約9.6倍(いいね120万/フォロワー12.56万),UNKNOWN,いいね数120万(TikTok),UNKNOWN,UNKNOWN,UNKNOWN,UNKNOWN,UNKNOWN,UNKNOWN,TikTok DM(開放性未確認、要事前調査),低〜中(公開の問い合わせ窓口は未確認),毎日配信を追いかける習慣視聴層,UNKNOWN,「毎日投稿毎日配信」という明言通りの継続力が、企画で求める「本気で向き合える相手」という条件に合致する可能性がある,UNKNOWN,https://www.tiktok.com/@pyon_game,2026-08-15
SOCIAL-11,Micro Gaming,パカ男,TikTok,https://www.tiktok.com/@puusan0800,約3.35万人(TikTok、直接確認),UNKNOWN,UNKNOWN,UNKNOWN(TikTok「#ホラーゲーム実況」関連ページ経由で発見したが、プロフィール文自体に具体ジャンル記載なし),UNKNOWN(具体的な発言内容までは確認できず),UNKNOWN,UNKNOWN,いいね/フォロワー比 約41.8倍(いいね140万/フォロワー3.35万),UNKNOWN,いいね数140万(TikTok),UNKNOWN,UNKNOWN,UNKNOWN,UNKNOWN,UNKNOWN,UNKNOWN,TikTok DM(開放性未確認、要事前調査),低(公開の問い合わせ窓口は未確認、ゲーム内容の具体的裏付けも弱い),UNKNOWN,UNKNOWN,UNKNOWN(プロフィール文からは具体的なゲームTasteの裏付けが取れず、要追加調査),UNKNOWN,https://www.tiktok.com/@puusan0800,2026-08-15
SOCIAL-12,Micro Gaming,あーとん/ゲームオタク,TikTok,https://www.tiktok.com/@arton.bd,約2.29万人(TikTok、直接確認),UNKNOWN,UNKNOWN,UNKNOWN(ハンドルネーム「ゲームオタク」の自称のみ、プロフィール文の記載は確認できず),UNKNOWN,UNKNOWN,UNKNOWN,いいね/フォロワー比 約20.1倍(いいね46.1万/フォロワー2.29万),UNKNOWN,いいね数46.1万(TikTok),UNKNOWN,UNKNOWN,UNKNOWN,UNKNOWN,UNKNOWN,UNKNOWN,TikTok DM(開放性未確認、要事前調査),低(公開の問い合わせ窓口は未確認、具体的なTaste情報も未確認),UNKNOWN,UNKNOWN,UNKNOWN(「ゲームオタク」という自称以上の具体的裏付けは取れず、要追加調査),UNKNOWN,https://www.tiktok.com/@arton.bd,2026-08-15
SOCIAL-13,Micro Gaming,どどず,TikTok,https://www.tiktok.com/@dodododo.111dodos,約1.04万人(TikTok、直接確認),UNKNOWN,UNKNOWN,UNKNOWN(プロフィール文の記載は確認できず),UNKNOWN,UNKNOWN,UNKNOWN,いいね/フォロワー比 約13.5倍(いいね14.04万/フォロワー1.04万),UNKNOWN,いいね数14.04万(TikTok),UNKNOWN,UNKNOWN,UNKNOWN,UNKNOWN,UNKNOWN,UNKNOWN,TikTok DM(開放性未確認、要事前調査),低(公開の問い合わせ窓口は未確認、具体的なTaste情報も未確認),UNKNOWN,UNKNOWN,UNKNOWN(プロフィール情報が乏しく、具体的裏付けは取れず、要追加調査),UNKNOWN,https://www.tiktok.com/@dodododo.111dodos,2026-08-15
SOCIAL-14,Micro Gaming,フェイキー配すぃん,TikTok(YouTubeも運営),https://www.tiktok.com/@fak3555,約2.47万人(TikTok、直接確認),UNKNOWN,基本は朝配信(プロフィール記載),UNKNOWN(プロフィール文に具体ジャンル記載なし),「基本は朝配信!スパファンはフォロバ!」とファンサービス重視の姿勢を明言,朝の時間帯を軸にした配信、YouTube(nisemono22)とも連携,UNKNOWN,いいね/フォロワー比 約32.3倍(いいね79.9万/フォロワー2.47万),UNKNOWN,いいね数79.9万(TikTok),UNKNOWN,UNKNOWN,UNKNOWN,UNKNOWN,UNKNOWN,UNKNOWN,TikTok DM(開放性未確認、要事前調査),低〜中(公開の問い合わせ窓口は未確認、ゲーム内容の具体的裏付けは弱い),朝の時間帯に視聴する習慣層,UNKNOWN,「朝配信」という時間帯特化と、スーパーファンへのフォロバという双方向性重視の姿勢が読み取れる(具体的なゲームTasteは未確認),UNKNOWN,https://www.tiktok.com/@fak3555,2026-08-15
SOCIAL-15,Micro Gaming,いぬねこ,TikTok(YouTubeも運営),https://www.tiktok.com/@inuneko.san,約3.12万人(TikTok、直接確認),UNKNOWN,UNKNOWN,UNKNOWN(プロフィール文に具体ジャンル記載なし),UNKNOWN,YouTubeへの誘導を中心としたTikTok運用(「Youtubeみてね」とだけ記載),UNKNOWN,いいね/フォロワー比 約24.5倍(いいね76.6万/フォロワー3.12万),UNKNOWN,いいね数76.6万(TikTok),UNKNOWN,UNKNOWN,UNKNOWN,UNKNOWN,UNKNOWN,UNKNOWN,TikTok DM(開放性未確認、要事前調査),低(公開の問い合わせ窓口は未確認、ゲーム内容の具体的裏付けは取れず),UNKNOWN,UNKNOWN,UNKNOWN(プロフィール情報が乏しく、具体的裏付けは取れず、要追加調査),UNKNOWN,https://www.tiktok.com/@inuneko.san,2026-08-15
FAMILY2-01,Parent-led Family,まえちゃんねる MAECHANNEL,YouTube,https://www.youtube.com/user/nm0525skywalker,UNKNOWN,UNKNOWN,UNKNOWN,フォートナイト中心・おもちゃ(ベイブレード等)を使ったゲーム企画,親子でFortniteを実況しTVゲームとおもちゃ遊びを組み合わせた企画を展開,親子共演型のゲーム実況チャンネル,UNKNOWN,UNKNOWN,UNKNOWN,UNKNOWN,UNKNOWN,UNKNOWN,UNKNOWN,UNKNOWN,UNKNOWN,UNKNOWN,UNKNOWN,UNKNOWN,低—親・管理者宛の公開連絡先を確認できず,UNKNOWN — 出演者年齢から推測していない,親（パパ）と子が実際に一緒にFortniteを実況する構成で「家族で一緒に遊ぶゲーム」の企画型チャンネルの典型例,親子共演でのFortnite実況という切り口があり家族が本当に遊びたいゲームを一緒に作る提案と接続しやすい,https://note.com/gametrainer/n/n206390943d26,2026-08-15
FAMILY2-02,Parent-led Family,れのれらTV / RenoRera TV,YouTube,https://www.youtube.com/@renoreratv,約30.7万人(2024年12月時点・二次情報),UNKNOWN,UNKNOWN,UNKNOWN(ゲーム実況を含む旨の記載はあるが具体タイトル未確認),家族の日常・挑戦企画・お出かけ・グルメ・ダンス・ゲーム実況まで幅広いVlog系コンテンツ,3姉妹(れのん・れいら・れおな)と両親(おママ・おパパ)が出演する家族密着型Vlogチャンネル。サブチャンネル「おママライフ」あり,UNKNOWN,UNKNOWN,UNKNOWN,UNKNOWN,UNKNOWN,UNKNOWN,UNKNOWN,UNKNOWN,UNKNOWN,UNKNOWN,UNKNOWN,UNKNOWN,低,UNKNOWN — 出演者年齢から推測していない,両親が主要キャストとして出演し続ける家族密着型チャンネルで挑戦企画やゲーム実況を含む多ジャンル展開をしている,サブチャンネル「おママライフ」を派生させるなど企画拡張に積極的な運営体制,https://find-model.jp/insta-lab/youtube-family-influencer/;https://find-model.jp/insta-lab/youtube-kids-influencer/,2026-08-15
FAMILY2-03,Parent-led Family,HIMAWARIちゃんねる,YouTube,https://www.youtube.com/user/himawari7859,約367万〜396万人(時点により差異あり・二次情報),UNKNOWN,UNKNOWN,UNKNOWN(「ゲーム企画あり」記載のみ具体タイトル未確認),姉妹(まーちゃん・おーちゃん)中心の家族Vlog兼ゲーム企画チャンネル,姉妹に加え長男・長女・両親も出演する国内最大級のファミリーチャンネル,UNKNOWN,UNKNOWN,UNKNOWN,UNKNOWN,UNKNOWN,UNKNOWN,UNKNOWN,UNKNOWN,UNKNOWN,UNKNOWN,UNKNOWN,UNKNOWN,低,UNKNOWN — 出演者年齢から推測していない,両親を含む家族全員が継続出演しゲーム企画を含む多ジャンルコンテンツを高頻度発信する国内最大級のファミリーチャンネルの一つ,既に「ゲーム企画」枠を持っており家族オリジナルゲーム制作の提案を既存フォーマットの延長として提示しやすい,https://find-model.jp/insta-lab/youtube-family-influencer/;https://find-model.jp/insta-lab/youtube-kids-influencer/,2026-08-15
FAMILY2-04,Parent-led Family,まりちゃんいずちゃんチャンネル,YouTube,https://www.youtube.com/@mariizufudan,約65.5万人(2024年12月時点・二次情報),UNKNOWN,UNKNOWN,マリオパーティ等(動画タイトルより確認),姉妹(まり・いず)＋長男みなくん＋パパが出演しVlog・ゲーム実況・教育系コンテンツ・24時間チャレンジ企画などを展開,家族全員参加型の挑戦企画とゲーム実況を両立するファミリーチャンネル,UNKNOWN,UNKNOWN,UNKNOWN,UNKNOWN,UNKNOWN,UNKNOWN,UNKNOWN,UNKNOWN,UNKNOWN,UNKNOWN,UNKNOWN,UNKNOWN,低,UNKNOWN — 出演者年齢から推測していない,ゲーム実況(マリオパーティ等)が動画タイトルで具体的に確認でき教育系コンテンツや家族全員参加の挑戦企画も展開する多面的な家族チャンネル,「2段ベッドで24時間チャレンジ」のような家族参加型チャレンジ企画の実績がありオリジナルゲーム制作という新企画への合意形成がしやすい,https://find-model.jp/insta-lab/youtube-kids-influencer/;https://www.youtube.com/watch?v=QhiCksxQGp0,2026-08-15
FAMILY2-05,Parent-led Family,プリンセス姫スイートTV Princess Hime Suite TV,YouTube,https://www.youtube.com/user/princesshimesuitetv,約194万人(2024年12月時点・二次情報),UNKNOWN,UNKNOWN,UNKNOWN(「ゲーム企画あり」記載のみ),寸劇・コメディ・ドラマ仕立ての動画が特徴の老舗ファミリーチャンネル,ひめちゃん・おうくん・パパ・ママ・えいとくんの5人家族。9年以上続く運営実績,UNKNOWN,UNKNOWN,UNKNOWN,UNKNOWN,UNKNOWN,UNKNOWN,UNKNOWN,UNKNOWN,UNKNOWN,UNKNOWN,UNKNOWN,UNKNOWN,低,UNKNOWN — 出演者年齢から推測していない,9年以上の運営実績を持つ老舗ファミリーチャンネルでゲーム企画を含むドラマ仕立てのコンテンツを継続制作しており企画力・継続力ともに高い,ドラマ仕立ての企画力を持つため「家族オリジナルゲームの制作過程をドラマ化する」提案と相性が良い,https://find-model.jp/insta-lab/youtube-kids-influencer/,2026-08-15
FAMILY2-06,Parent-led Family,Kan & Aki's CHANNELかんあきチャンネル,YouTube,https://www.youtube.com/user/potemi926,約400万人(2024年12月時点・二次情報),UNKNOWN,UNKNOWN,UNKNOWN,親が撮影・編集・コメント返信などチャンネル運営を担当していることが公開情報で確認できる家族チャンネル,子供4人(かんな・あきら・あさひ・ぎんた)が出演し親が運営主体を担う体制,UNKNOWN,UNKNOWN,UNKNOWN,UNKNOWN,UNKNOWN,UNKNOWN,UNKNOWN,UNKNOWN,UNKNOWN,UNKNOWN,UNKNOWN,UNKNOWN,低—親が運営主体であることは確認できるが公開の連絡先は未確認,UNKNOWN — 出演者年齢から推測していない,「親がチャンネル管理を担当」と公開情報で明記されている数少ないチャンネルで営業窓口＝保護者という構造が最も明確,4人兄弟という規模の大きい家族構成で家族全員参加のオリジナルゲーム制作企画を打ち出しやすい,https://find-model.jp/insta-lab/youtube-kids-influencer/,2026-08-15
FAMILY2-07,Parent-led Family,カジサック KAJISAC（カジサックのゲーム部屋）,YouTube,https://www.youtube.com/channel/UC642pLj4GXSj-0Ybdx3ytmA,約244万人(メインチャンネル・2026年5月時点・二次情報),UNKNOWN,UNKNOWN,UNKNOWN(サブチャンネル「カジサックのゲーム部屋」の存在は確認・具体タイトル未確認),ゲーム特化サブチャンネルを別途運営する大家族チャンネル,元キングコング・梶原雄太が妻と5人の子とともに出演,UNKNOWN,UNKNOWN,UNKNOWN,UNKNOWN,UNKNOWN,吉本興業(本人所属事務所として公開情報で確認。チャンネル固有の窓口は別途未確認),UNKNOWN,UNKNOWN,UNKNOWN,UNKNOWN,UNKNOWN,中—所属事務所(吉本興業)は確認できるが番組宛の直接窓口は未確認,UNKNOWN — 出演者年齢から推測していない,UNKNOWN,「カジサックのゲーム部屋」というゲーム特化サブチャンネルを既に保有しており5人の子を持つ大家族という規模も大きくゲームコンテンツへの投資意欲が明確,既存のゲーム特化サブチャンネルを足がかりに「家族オリジナルゲーム制作」を次の企画として提案しやすい,https://ja.wikipedia.org/wiki/カジサック;https://find-model.jp/insta-lab/youtube-family-influencer/,2026-08-15
FAMILY2-08,Parent-led Family,はれママ キッズTV,YouTube,https://www.youtube.com/channel/UCWy5UcrxbfXg5IW47_ntAXQ,約52.8万人(二次情報),UNKNOWN,UNKNOWN,UNKNOWN(「しのはゲームが大好き」との記載のみ具体タイトル未確認),3姉妹(しの・れいか・さあや)＋男の子(ゆうき)＋お父さんが出演する家族Vlogチャンネル,インフルエンサーマーケティング企業Kiiiが所属クリエイターとして紹介,UNKNOWN,UNKNOWN,UNKNOWN,UNKNOWN,UNKNOWN,Kiii株式会社(クリエイターページに掲載を確認。専属契約かは未確認),Kiii株式会社の問い合わせフォーム(チャンネル個別窓口ではなく代理店経由),UNKNOWN,UNKNOWN,UNKNOWN,Kiii株式会社の問い合わせフォーム経由,中—代理店経由の問い合わせフォームが確認できる,UNKNOWN — 出演者年齢から推測していない,UNKNOWN,家族の中でも「しのはゲームが大好き」という個人の嗜好が公開情報で確認でき企業タイアップ実績を持つ代理店(Kiii)経由の正規な連絡導線がある,長女しのの「ゲーム好き」という公開されたキャラクター設定を起点にしのが本当に遊びたいゲームを一緒に作る提案ができる,https://find-model.jp/insta-lab/youtube-family-influencer/;https://kiii.co.jp/creators/はれママ-キッズtv/,2026-08-15
FAMILY2-09,Parent-led Family,うちの4兄弟 4 siblings of my home,YouTube,https://www.youtube.com/channel/UCEyPmroa1pAkzZc9haCUiWA,約7.8万人(二次情報・推計値),UNKNOWN,UNKNOWN,UNKNOWN,6人家族(4兄弟＋保護者と推定)の日常を中心に配信する中規模ファミリーチャンネル,運営歴3年8か月の成長段階にあるファミリーチャンネル,UNKNOWN,UNKNOWN,UNKNOWN,UNKNOWN,UNKNOWN,UNKNOWN,UNKNOWN,UNKNOWN,UNKNOWN,UNKNOWN,UNKNOWN,UNKNOWN,低,UNKNOWN — 出演者年齢から推測していない,4人の子供を持つ家族構成が公開されている中規模チャンネルで成長段階のファミリーチャンネルとして企画拡張余地が大きい,兄弟4人という人数を活かした「兄弟対抗」形式のオリジナルゲーム制作企画を提案しやすい,https://www.tuber-town.com/channel_detail/UCEyPmroa1pAkzZc9haCUiWA.html;https://yutura.net/channel/70712/,2026-08-15
FAMILY2-10,Parent-led Family,okutsu family,YouTube,https://www.youtube.com/c/okutsufamily/,約11.4万人(2026年5月時点・二次情報),UNKNOWN,UNKNOWN,UNKNOWN,パパ・ママ・3姉妹(セナ・エマ・ミヤ)が出演する家族チャンネル,両親が明確に出演する3姉妹の家族Vlogチャンネル,UNKNOWN,UNKNOWN,UNKNOWN,UNKNOWN,UNKNOWN,UNKNOWN,UNKNOWN,UNKNOWN,UNKNOWN,UNKNOWN,UNKNOWN,UNKNOWN,低,UNKNOWN — 出演者年齢から推測していない,両親が明確に出演する3姉妹の家族チャンネルで家族全員参加型企画への発展余地がある,3姉妹それぞれの個性を活かした「姉妹それぞれが遊びたいゲーム」企画を提案できる,https://find-model.jp/insta-lab/youtube-family-influencer/,2026-08-15
FAMILY2-11,Parent-led Family,ひなゆめワールド HinaYume World,YouTube,https://www.youtube.com/@hinayumeworld/videos,約65.6万人(2024年12月時点・二次情報),UNKNOWN,UNKNOWN,UNKNOWN,ひなちゃん・ゆめちゃん姉妹＋母親が司会参加する「元気・楽しい・学び」がコンセプトの教育寄りファミリーチャンネル,母親が司会として出演する教育寄りのファミリーコンテンツ,UNKNOWN,UNKNOWN,UNKNOWN,UNKNOWN,UNKNOWN,UNKNOWN,UNKNOWN,UNKNOWN,UNKNOWN,UNKNOWN,UNKNOWN,UNKNOWN,低,UNKNOWN — 出演者年齢から推測していない,母親が司会として出演し「学び」を明確なコンセプトに掲げる教育寄りファミリーチャンネルで依頼のニッチ(教育寄りファミリーゲームチャンネル)に合致,「学び」コンセプトを活かし遊びながら学べるオリジナルゲーム制作という提案がコンセプトと直接接続する,https://find-model.jp/insta-lab/youtube-kids-influencer/,2026-08-15
FAMILY2-12,Parent-led Family,エハラ家チャンネル,YouTube,https://www.youtube.com/channel/UCf5iV0mjb644gOTV4NAiN2Q,約35万人(2026年5月時点・二次情報),UNKNOWN,UNKNOWN,UNKNOWN,エハラマサヒロ・妻千鶴さん・5人の子(美羽・風羽・音羽・羽汰・杜羽)が出演する大家族Vlogチャンネル,両親の実名が公開されている5人兄弟姉妹の大家族チャンネル,UNKNOWN,UNKNOWN,UNKNOWN,UNKNOWN,UNKNOWN,UNKNOWN,UNKNOWN,UNKNOWN,UNKNOWN,UNKNOWN,UNKNOWN,UNKNOWN,低,UNKNOWN — 出演者年齢から推測していない,両親の実名と5人の子の名前が公開されている大家族チャンネルで家族構成の透明性が高く営業対象(親)を特定しやすい,5人兄弟姉妹という規模を活かした「家族全員が主役になれるゲーム」という企画提案ができる,https://find-model.jp/insta-lab/youtube-family-influencer/,2026-08-15
FAMILY2-13,Parent-led Family,ネルソンさん,YouTube,https://www.youtube.com/channel/UCma-OzQhukF90pCH6LxSNqA,約19.2万人(2026年5月時点・二次情報),UNKNOWN,UNKNOWN,UNKNOWN,ネルソン彩子さん・旦那さん・3人の息子(チャイチ・ワトソン・ショーン)が出演する国際家族チャンネル,両親が明確に出演する3兄弟の国際家族チャンネル,UNKNOWN,UNKNOWN,UNKNOWN,UNKNOWN,UNKNOWN,UNKNOWN,UNKNOWN,UNKNOWN,UNKNOWN,UNKNOWN,UNKNOWN,UNKNOWN,低,UNKNOWN — 出演者年齢から推測していない,両親が明確に出演し3人の息子を持つ家族チャンネルで兄弟間の企画展開がしやすい規模,3兄弟という構成を活かした「兄弟で協力して作るゲーム」企画を提案できる,https://find-model.jp/insta-lab/youtube-family-influencer/,2026-08-15
FAMILY2-14,Parent-led Family,Mrs. Cross,YouTube,https://www.youtube.com/c/MrsCross/,約16.4万人(2026年5月時点・二次情報),UNKNOWN,UNKNOWN,UNKNOWN,えりなさん・アメリカ人の夫トムさん・子供(スカイラー・ロージィ)が出演する国際家族チャンネル,両親が明確に出演する日米国際家族チャンネル,UNKNOWN,UNKNOWN,UNKNOWN,UNKNOWN,UNKNOWN,UNKNOWN,UNKNOWN,UNKNOWN,UNKNOWN,UNKNOWN,UNKNOWN,UNKNOWN,低,UNKNOWN — 出演者年齢から推測していない,両親が明確に出演する国際家族チャンネルで異文化的な視点を持つオリジナル企画の余地がある,国際家族という背景を活かした「日本と海外両方の子供が楽しめるゲーム」という切り口を提案できる,https://find-model.jp/insta-lab/youtube-family-influencer/,2026-08-15
FAMILY2-15,Parent-led Family,きりすけファミリー,YouTube,https://www.youtube.com/channel/UC4NgQWRAeNVGr5SEwAoTHUQ,約32.2万人(2026年5月時点・二次情報),UNKNOWN,UNKNOWN,UNKNOWN,看護師の母・元保育士の父・きりのちゃん・そうすけくん・ちひろくんの5人家族チャンネル,専門職(看護師・保育士)出身の両親が運営する5人家族チャンネル,UNKNOWN,UNKNOWN,UNKNOWN,UNKNOWN,UNKNOWN,UNKNOWN,UNKNOWN,UNKNOWN,UNKNOWN,UNKNOWN,UNKNOWN,UNKNOWN,低,UNKNOWN — 出演者年齢から推測していない,医療・保育の専門職を持つ両親が運営する5人家族チャンネルで教育的配慮への理解が高いと推測される運営体制,保育士経験を持つ父親の視点を活かし「子供の発達に配慮したゲーム作り」という企画軸を提案できる,https://find-model.jp/insta-lab/daddy-youtuber-case-study/,2026-08-15
FAMILY2-16,Parent-led Family,おりおりんTV,YouTube,https://www.youtube.com/channel/UCaqCYvMfxDgTy1ewJ3tqOmA,約17.1万人(2026年5月時点・二次情報),UNKNOWN,UNKNOWN,UNKNOWN,3児を持つパパ・ママの5人家族チャンネル,両親が明確に出演する子育て系ファミリーチャンネル,UNKNOWN,UNKNOWN,UNKNOWN,UNKNOWN,UNKNOWN,UNKNOWN,UNKNOWN,UNKNOWN,UNKNOWN,UNKNOWN,UNKNOWN,UNKNOWN,低,UNKNOWN — 出演者年齢から推測していない,両親が明確に出演する5人家族チャンネルでパパYouTuberとして企業タイアップ実績のある発信力を持つ,3人の子供それぞれの成長段階に合わせた「家族の今」を反映したオリジナルゲーム企画を提案できる,https://find-model.jp/insta-lab/daddy-youtuber-case-study/,2026-08-15
FAMILY2-17,Parent-led Family,寺田家TV【車椅子パパの起業サバイバル】,YouTube,https://www.youtube.com/channel/UCI4yBwvm17eA6VzkrGi9ljw/featured,約9.32万人(2026年5月時点・二次情報),UNKNOWN,UNKNOWN,UNKNOWN,脳性麻痺で車椅子を利用するパパ・寺田ユースケさんが起業サバイバルを軸に家族の日常を発信するチャンネル,父親の個性的なストーリー(車椅子パパの起業)を軸にした家族チャンネル。子供の人数等の家族構成詳細は未確認,UNKNOWN,UNKNOWN,UNKNOWN,UNKNOWN,UNKNOWN,UNKNOWN,UNKNOWN,UNKNOWN,UNKNOWN,UNKNOWN,UNKNOWN,UNKNOWN,低—家族構成の詳細(子供の人数等)が公開情報で未確認,UNKNOWN — 出演者年齢から推測していない,父親の個性的なストーリー(車椅子パパの起業)を軸にした家族チャンネルで独自性の高いパーソナリティを持つ,「車椅子パパ」という個性を活かしバリアフリー視点を取り入れたユニークなオリジナルゲーム制作という企画の切り口がある,https://find-model.jp/insta-lab/daddy-youtuber-case-study/,2026-08-15
EXPLORE-01,Exploration,Hytacka,YouTube/Twitch,https://www.youtube.com/channel/UCZfaov6xJNH4jdEbchCSGyw,約12.6万人(YouTube),UNKNOWN,UNKNOWN,アクションRPG(自作ゲーム開発実況),「世界一面白いアクションRPGを作る」を目標にUnreal Engine 5で自作ゲームを開発。ダークソウル・モンハン・For Honorからの影響を公言,開発者本人が進捗・技術解説を交えて実況するデベロッパー系実況,自分が本当に遊びたい理想のアクションRPGを本気で作ろうとしている,UNKNOWN,UNKNOWN,開発チームMitsunagiと共同開発,UNKNOWN,UNKNOWN,UNKNOWN,UNKNOWN,@hytacka,UNKNOWN,UNKNOWN,X DM(@hytacka),Medium,自作ゲーム開発に関心のあるゲーマー・クリエイター層,理想のゲームを自ら作ろうとする姿勢が「一番遊びたいゲームを作らせてください」という営業コンセプトと直接合致する,Unreal Engine 5で開発中の自作アクションRPGのダークソウル/モンハン/For Honorからの影響について質問できる,https://www.youtube.com/channel/UCZfaov6xJNH4jdEbchCSGyw;https://hypeauditor.com/youtube/gemu_zhi_zuo_shi_kuang_zhonghytacka-UCZfaov6xJNH4jdEbchCSGyw/;https://game-creators.camp/@hytacka,2026-08-15
EXPLORE-02,Exploration,コーマ,YouTube,https://www.youtube.com/c/kohmagame,10万人以上(2024年12月に10万人到達),UNKNOWN,ほぼ毎日夜8時投稿,都市builderシミュレーション(Cities: Skylines/II),「ゆる日本づくり」シリーズで各都道府県の特色を都市シミュレーションで再現。攻略と実験企画を両立,しっかり攻略しつつ時々実験的プレイも行う実況スタイル,日本各地の県民性・特色をゲーム内で再現しようとする独自のこだわり,UNKNOWN,UNKNOWN,UNKNOWN,UNKNOWN,UNKNOWN,UNKNOWN,UNKNOWN,@kohma_game,UNKNOWN,UNKNOWN,X DM(@kohma_game),Medium,街づくり・シミュレーションゲームファン層,ニッチな都市シミュレーションジャンルをほぼ毎日投稿で継続し「ゆる日本づくり」という独自の創作テーマを持つ,「ゆる日本づくり」で次に再現したい都道府県や理想の都市機能について尋ねられる,https://x.com/kohma_game;https://www.youtube.com/c/kohmagame,2026-08-15
EXPLORE-03,Exploration,やさぐれゆむ,YouTube,https://www.youtube.com/@YasagureYUMU,10万人以上(2019年12月時点。最新値はUNKNOWN),UNKNOWN,UNKNOWN,街づくり・サバイバル・シミュレーション(ゆっくり実況),Cities: Skylines等の街づくりに加えサバイバル系まで幅広いシミュレーションジャンルを横断的に開拓,ゆっくり実況(音声合成解説)形式,複数のシミュレーションジャンルを横断的に開拓し続ける探究心,UNKNOWN,UNKNOWN,UNKNOWN,UNKNOWN,yasagureyumu@gmail.com,UNKNOWN,UNKNOWN,@Yasagure_YUMU,UNKNOWN,UNKNOWN,公開メール(yasagureyumu@gmail.com),High,シミュレーション・街づくりゲームファン層,公開ビジネスメールを保有し直接連絡可能。複数ジャンルへの探究心が強い,Cities: Skylinesの都市コンテスト参加歴を踏まえ次に挑戦したいシミュレーションジャンルを尋ねられる,https://x.com/Yasagure_YUMU;https://www.youtube.com/@YasagureYUMU;https://www.nicovideo.jp/user/80400982,2026-08-15
EXPLORE-04,Exploration,けーどら(けーどらチャンネル),YouTube,https://www.youtube.com/channel/UCYurynKbMA9-VNc5LBr0N6g,約13.3万人,総再生回数8200万回超,UNKNOWN,モンスターストライク(モンスト),JeSU/XFLAG公認プロライセンス保持者。公式攻略チーム「M4」、プロチーム「獣神亭一門」所属という競技志向の強いソシャゲ実況,プロライセンス保持者としての攻略・解説スタイル,実況者でありながら公式競技シーンにも所属するプロという二重性,UNKNOWN,UNKNOWN,プロチーム内コラボの可能性あり(未確認),UNKNOWN,UNKNOWN,UNKNOWN,UNKNOWN,UNKNOWN,UNKNOWN,UNKNOWN,UNKNOWN,Low,モンスト競技シーン・ソシャゲガチ勢層,公認プロライセンスを持つほど「競技として本気で遊ぶ」志向が強い,「獣神亭一門」所属プロとしての公式大会実績を踏まえた企画提案が可能,https://www.youtube.com/channel/UCYurynKbMA9-VNc5LBr0N6g;https://cheat-sokuhou.com/kdora-5967,2026-08-15
EXPLORE-05,Exploration,ひろはす(ひろはす ゲームクリエイター養成所),YouTube,https://www.youtube.com/@hirohasu,約7〜8万人(公式X表記「YouTube登録者8万人」),UNKNOWN,UNKNOWN,個人ゲーム開発(Unity/スマホゲーム多数),小学生から個人ゲーム制作を継続し独立後5年で自作ゲーム累計1000万DL達成。2025年8月「間違い探しの刑に処す」をSteam/App Storeでリリース,ゲームクリエイター志望者向けの開発ノウハウ発信・応援コンテンツ,「ゲームクリエイターになりたい人を応援する」という明確な発信軸を持ち自身も現役開発者として新作を出し続けている,UNKNOWN,UNKNOWN,UNKNOWN,UNKNOWN,UNKNOWN,UNKNOWN,あり(hirohasu.com、※受託開発は非対応と明記),@hirohasusan,UNKNOWN,UNKNOWN,公式サイトお問い合わせフォーム(hirohasu.com),High,個人ゲーム開発者志望者・インディーゲームファン層,現役の個人ゲーム開発者兼インフルエンサーであり自身の作りたいゲームへの明確なビジョンと実績を持つ,2025年8月リリースの新作「間違い探しの刑に処す」や著書を踏まえた対話が可能,https://hirohasu.com/;https://x.com/hirohasusan;https://www.youtube.com/@hirohasu,2026-08-15
EXPLORE-06,Exploration,蛇足,Twitch,https://www.twitch.tv/dasoku_aniki,UNKNOWN(直近30日ピーク同時接続3694人・平均600人),直近30日間で配信376時間50分、ピーク同時接続3694人、平均視聴者600人,高頻度(直近30日376時間50分配信),Apex Legends,「カスタムD」等、もこう・ロバート山本・風見くくなど異なる界隈のプレイヤーを横断的に招待するカジュアルカスタムイベントを主催。初心者も参加できる設計を重視,大規模カスタムイベントの主催・進行を担うコミュニティビルダー型配信者,異なる界隈を一つのイベントに集める「橋渡し役」としての強い意欲,UNKNOWN,UNKNOWN,高い(57名規模のカスタムイベント主催実績),高い(複数界隈横断のコミュニティ運営実績),UNKNOWN,UNKNOWN,UNKNOWN,UNKNOWN,UNKNOWN,UNKNOWN,Twitch経由での接触(要検討),Low,Apex Legendsコミュニティ・カスタムイベント参加者層,単独配信者ではなく複数界隈を横断するイベント主催者でありコミュニティ設計への強いこだわりを持つ,「カスタムD」のような多様な参加者を集めるイベント設計思想について尋ねられる,https://www.famitsu.com/news/202302/27294212.html;https://www.twitch.tv/dasoku_aniki,2026-08-15
EXPLORE-07,Exploration,さーもんちゅ(さーもんちゅChannel),YouTube/Twitch,https://www.youtube.com/channel/UCZIXF1DthjqZLH8JwrV1Kkg,約4.1万人,UNKNOWN,UNKNOWN,PUBG・VALORANT・LOL・APEX(競技FPS/MOBA横断),PUBG大会優勝経験を持つ実力派でありながら癒し系ボイス。複数のFPS/MOBAタイトルを高いレベルで横断プレイ,ささやくような柔らかい声と高いゲームスキルのギャップが特徴,「ゲームを愛しゲームに愛された」という自己紹介に見られる生活全体がゲーム中心という強いのめり込み方,UNKNOWN,UNKNOWN,UNKNOWN,UNKNOWN,UNKNOWN,UNKNOWN,UNKNOWN,@Salmon_pubg,UNKNOWN,UNKNOWN,X DM(@Salmon_pubg),Medium,競技FPS/MOBAファン層(PUBG/VALORANT/APEX),大会優勝経験を持つ実力派でありながら複数タイトルを横断する探究心があり「一番遊びたいゲーム」への解像度が高いと推測できる,PUBG大会優勝経験を踏まえ今一番熱を入れている競技タイトルについて尋ねられる,https://x.com/Salmon_pubg;https://www.twitch.tv/salmonchuxd,2026-08-15
EXPLORE-08,Exploration,じんむ,YouTube,https://www.youtube.com/@zinmuzin,約23万人,UNKNOWN,UNKNOWN,あつまれ どうぶつの森(島づくり),本職プログラマーとしての技術を活かし「あつ森の画像切り抜きアプリ」を自作。2005年「おいでよ どうぶつの森」から継続する長年のシリーズ愛,クオリティと想像力の高い島づくりを中心とした実況・生放送。視聴者の島訪問企画も実施,実況活動だけでなくゲーム体験を拡張する自作ツールを開発するほどの熱量,UNKNOWN,UNKNOWN,UNKNOWN,視聴者参加型の島訪問企画あり,UNKNOWN,UNKNOWN,UNKNOWN,UNKNOWN,UNKNOWN,UNKNOWN,UNKNOWN,Low,どうぶつの森シリーズ長期ファン層,プログラマーとしての技術力とゲーム愛を組み合わせ自作ツール開発までする稀有な「作り手兼プレイヤー」気質,自作の「あつ森画像切り抜きアプリ」開発経験を踏まえUGC・カスタマイズ機能への関心を尋ねられる,https://kanata12.com/jinmu-wiki-24342,2026-08-15
EXPLORE-09,Exploration,たぶやん(たぶやんのレトロゲーム実況),YouTube,https://www.youtube.com/channel/UC26E84mYuLo27yO-ivsmBdg,約1.47万人,UNKNOWN,2014年から、ほぼ毎日18時投稿,レトロゲーム(ファミコン中心),「90歳まで実況を続ける」ことを目標に全1252本のファミコンソフトを制覇する企画を継続中(現在705本/56%達成),長期連載型のレトロゲーム実況。毎日の継続投稿がスタイルそのもの,全ファミコンソフト制覇という具体的かつ長期の個人的ミッションを公言し実行し続けている,UNKNOWN,UNKNOWN,UNKNOWN,UNKNOWN,UNKNOWN,UNKNOWN,UNKNOWN,@tabuyangames,UNKNOWN,UNKNOWN,X DM(@tabuyangames),Medium,レトロゲーム・ファミコン世代ファン層,「全ファミコンソフト制覇」という具体的で長期の個人ミッションを持ちゲームへのTasteが極めて明確,現在705/1252本というファミコン制覇の進捗を踏まえ次に取り組むタイトルや理想の新作について尋ねられる,https://www.youtube.com/channel/UC26E84mYuLo27yO-ivsmBdg;https://x.com/tabuyangames,2026-08-15
EXPLORE-10,Exploration,HAL99(The Game Gallery),YouTube,https://www.youtube.com/@thegamegallery,約2万人(2022年11月時点),UNKNOWN,UNKNOWN,ボードゲーム(アナログゲーム全般),1996年からボードゲームレビュー活動を続ける最古参格の専門家。コンポーネント紹介やプレイレポートをライブ配信,レビュー・プレイレポート・ライブ雑談を組み合わせた専門解説スタイル,30年近くボードゲーム一筋で活動を続ける長期的な専門性へのこだわり,UNKNOWN,UNKNOWN,UNKNOWN,UNKNOWN,UNKNOWN,UNKNOWN,UNKNOWN,@hal_99,UNKNOWN,UNKNOWN,X DM(@hal_99),Medium,ボードゲーム・アナログゲームファン層,デジタルゲームに留まらずアナログゲーム設計思想を熟知しておりゲームメカニクスへの審美眼が高い,1996年からのボードゲーム専門活動歴を踏まえデジタル化するなら遊びたいボードゲーム体験について尋ねられる,https://www.youtube.com/@thegamegallery;https://x.com/hal_99,2026-08-15
EXPLORE-11,Exploration,けんぼー,YouTube/TikTok,https://www.youtube.com/@kenbo_games,約22.4万人,UNKNOWN,デビュー2021年1月17日、動画本数約2600本,WEB探索型ARG(代替現実ゲーム)中心の幅広いゲーム実況,「誰かに刺さるゲームをプレイ」をコンセプトに、一般的なAAA/人気タイトルよりWEB探索型ARGなど尖ったマイナージャンルを積極的に紹介,相棒キャラクター(ボーダーコリーの「素子」)を配信に登場させるブランディングが特徴,誰かにとって特別な一本になるゲームを掘り起こして届けたいという明確な選書哲学,UNKNOWN,UNKNOWN,UNKNOWN,UNKNOWN,UNKNOWN,UNKNOWN,UNKNOWN,@kenbo_games,UNKNOWN,TikTokアカウントあり(ハンドル未確認),X DM(@kenbo_games),Medium,マイナー・尖ったゲームを求める探究心の強い視聴者層,「誰かに刺さるゲームをプレイ」という選書哲学を持ち、既存の大作志向とは異なる審美眼でゲームを選んでいる,なぜWEB探索型ARGというマイナージャンルに惹かれるのか、その選書基準について尋ねられる,https://www.youtube.com/@kenbo_games;https://x.com/kenbo_games,2026-08-15
EXPLORE-12,Exploration,ハニービーVRGamer,YouTube,https://www.youtube.com/@HoneybeeVR,約4.8万人,動画本数844本以上,UNKNOWN,VRゲーム全般(探索・体験レビュー),「VRゲームの可能性を探る」をテーマに多数のVRタイトルを横断的に紹介。自身でもVRゲーム開発に取り組む,VRゲームの体験レビュー・可能性探求型のコンテンツ,VRという新しい表現領域そのものの可能性を追求し続ける姿勢,UNKNOWN,UNKNOWN,UNKNOWN,UNKNOWN,UNKNOWN,UNKNOWN,UNKNOWN,@HoneyBeeVRGamer,UNKNOWN,UNKNOWN,X DM(@HoneyBeeVRGamer),Medium,VRゲームファン・アーリーアダプター層,プレイヤーであると同時にVRゲーム開発にも取り組んでおり、VRというメディア特性への理解が深い,VRゲーム開発者としての視点から、理想のVR体験について尋ねられる,https://x.com/HoneyBeeVRGamer;https://www.youtube.com/@HoneybeeVR,2026-08-15
EXPLORE-13,Exploration,ピョコタン,YouTube,https://www.youtube.com/user/pyocotan,約3.19万人(メインチャンネル)。別途専用チャンネル「ピョコタンのゲーム実況」は約3400人,UNKNOWN,UNKNOWN,プロ漫画家によるゲーム実況(ジャンル横断),プロの漫画家(スーパー漫画家ピョコタン)としての活動と並行してゲーム実況専用チャンネルも別途運営する複合クリエイター,漫画家としての画力・企画力を活かしたゲーム実況・企画コンテンツ,漫画表現とゲーム実況を両輪で発信し続ける複合的なクリエイティビティ,UNKNOWN,UNKNOWN,UNKNOWN,UNKNOWN,UNKNOWN,UNKNOWN,UNKNOWN,UNKNOWN,UNKNOWN,UNKNOWN,UNKNOWN,Low,漫画・イラストとゲームの両方に関心があるファン層,プロ漫画家としての画力とゲーム実況を組み合わせた複合Creatorであり、ゲームのビジュアル面への審美眼も期待できる,漫画家としての視点から、ゲームのキャラクターデザインや世界観について尋ねられる,https://www.youtube.com/user/pyocotan;https://www.youtube.com/channel/UCUkzNtbcEROhTjUFm5fO25A,2026-08-15
EXPLORE-14,Exploration,いおりチャンネル,YouTube/Twitch,https://www.youtube.com/channel/UCn1Ibh2I532XUJNQ3JHSEwA,約2.7万人,UNKNOWN,UNKNOWN,格闘ゲーム(ストリートファイター6),スト6の技術解説動画(画面端からの逃げ方などキャラクター別講座)とランクマッチ配信を中心に活動。TIKITAKA FTGから協賛を受ける,講座動画と対戦動画を組み合わせた教育的コンテンツ,対戦格闘ゲームの技術体系を言語化して伝えたいという教育志向の強さ,UNKNOWN,UNKNOWN,UNKNOWN,UNKNOWN,UNKNOWN,UNKNOWN,UNKNOWN,@iori_jr,UNKNOWN,UNKNOWN,X DM(@iori_jr),Medium,格闘ゲーム(スト6)競技・上達志向の視聴者層,技術解説に強く、格闘ゲームというジャンルへの深い理解と教育的アプローチを持つ,TIKITAKA FTGとのスポンサー関係やキャラクター別講座制作の裏側について尋ねられる,https://www.youtube.com/channel/UCn1Ibh2I532XUJNQ3JHSEwA,2026-08-15
EXPLORE-15,Exploration,たいじ(Yaritaiji),YouTube/OPENREC,https://www.youtube.com/c/Yaritaiji,約25.4万人,UNKNOWN,UNKNOWN,スプラトゥーン(競技シーン),第三回・第四回スプラ甲子園世界大会2連覇という実績を持つ競技シーンの第一人者。X Rankなどランク戦解説動画も多数,大会実績を背景にした競技志向の実況・解説スタイル,競技シーンの第一人者として大会で結果を出し続けることへの強いこだわり,UNKNOWN,UNKNOWN,UNKNOWN,UNKNOWN,UNKNOWN,UNKNOWN,UNKNOWN,@taijich0324,UNKNOWN,UNKNOWN,X DM(@taijich0324),Medium,スプラトゥーン競技シーン・大会観戦層,世界大会2連覇という実績を持つ競技志向の強いプレイヤーであり、対戦バランスへの解像度が非常に高い,2連覇した世界大会での経験や、今のランク環境で感じている課題について尋ねられる,https://www.youtube.com/c/Yaritaiji;https://x.com/taijich0324,2026-08-15
EXPLORE-16,Exploration,DOLCE(dolce_iwate),YouTube,https://www.youtube.com/channel/UCVbTqPzmorYfPotO6IMelkA,約6.15万人(2022年6月時点),UNKNOWN,UNKNOWN,太鼓の達人(リズムゲーム),2017年2月〜2021年3月までKONAMI公式プロプレーヤーとして活動した経歴を持つ。「十段への道」など段位挑戦企画を継続,段位モードへの挑戦過程を追う長期企画型のリズムゲーム実況,「音楽ゲームとカッコいい音楽と楽しい事が好き」という原点を公言し、段位という明確な目標に向け努力を続ける,UNKNOWN,UNKNOWN,UNKNOWN,UNKNOWN,UNKNOWN,UNKNOWN,UNKNOWN,@dolce_iwate,UNKNOWN,UNKNOWN,X DM(@dolce_iwate),Medium,音ゲー・太鼓の達人ファン層、元プロ格プレイヤーのファン,KONAMI公式プロプレーヤー経験を持つほどの実力者でありながら個人配信者として段位挑戦を継続する独自のストーリー性がある,元プロとしての経験を踏まえ、今のリズムゲームシーンで挑戦したい目標について尋ねられる,https://x.com/dolce_iwate;https://www.youtube.com/channel/UCVbTqPzmorYfPotO6IMelkA,2026-08-15
